place_id,name,city,region,address,lat,lng,vibe,crowd,good_for,temp_class,has_stay,duration_class,budget,season,drive_time_from_blr_min,photo_urls,short_summary,maps_query
magnolia-bakery,Magnolia Bakery,Bengaluru,Karnataka,"J.K. Plaza, 788, 12th Main Rd, HAL 2nd Stage, Doopanahalli, Indiranagar, Bengaluru, Karnataka 560008, India",12.9700721,77.6407854,quiet|retro,high,couples|solo|groups,temperate,false,few-hours,2,Jan|Feb|Mar|Apr|May|Jun|Jul|Aug|Sep|Oct|Nov|Dec,0,,"Bakery in Bengaluru — rated 4.3★ across 8,386 Google reviews","Magnolia Bakery, Bengaluru"
truffles-indiranagar,Truffles - Indiranagar,Bengaluru,Karnataka,"Ground Floor, K. P Square, 307, 100 Feet Rd, Binnamangala, Stage 1, Indiranagar, Bengaluru, Karnataka 560038, India",12.9807271,77.64052130000002,lively,high,couples|groups|family,temperate,false,half-day,2,Jan|Feb|Mar|Apr|May|Jun|Jul|Aug|Sep|Oct|Nov|Dec,0,https://lh3.googleusercontent.com/place-photos/AJRVUZMPvlb073jjP2lNoZd-OZ6cf9PVzao--TZQEggKaCJSFivDA3AnncK3LcwLViaJgUXmhIY0Bt34smuCuoEeTuS180NOw8V1d0UTYgtUQmFxWteO-uOLj6iOUj0OdOE_dOirij3NRwd1lRI8nXA=s4800-w1200|https://lh3.googleusercontent.com/place-photos/AJRVUZMNyzUZZysRBu3NCqbQEN_g7qs9uccjQnS51bGVUY-f2Zt-tNhitHk6lm_sPLzLmwwQmr8baNOijgWqeTP6NQ4Eyt2EwNbrJ937P7vPWnsMEH1Kpj3oIzGwnO2fEnWj-J04o_4duN1IhzU4LZI=s4800-w1200|https://lh3.googleusercontent.com/place-photos/AJRVUZM3OzuS38LwbAEv_HqLOTrR7ri483IDmvKJl-ngvTzkuUdJw7wPeq7vMyFckvMC1-RadpXprIPOxvgT2E9MZWarSXr7jPEv-oueJ8jQz3bWcAe042x5sOpVvWncEqj48NpURT6yTbT1VP7GriMaGgyuug=s4800-w1200,"American Restaurant in Bengaluru — rated 4.5★ across 20,674 Google reviews","Truffles - Indiranagar, Bengaluru"
neon-market,Neon Market,Bengaluru,Karnataka,"3798, 7th Main Rd, Motappapalya, Indiranagar, Bengaluru, Karnataka 560008, India",12.9727388,77.63979669999999,lively,high,couples|groups|family,temperate,false,half-day,2,Jan|Feb|Mar|Apr|May|Jun|Jul|Aug|Sep|Oct|Nov|Dec,0,https://lh3.googleusercontent.com/places/ANXAkqFiUcw8m9pwPRNH5G8K6ALaBOk6Wa-ds8Gx72Hnk89VdKpP1ya_0eU5RRBcG7pMlFp_ApYvq9n3VCQOA-0o95zr11YmDrF1d3g=s4800-w1200|https://lh3.googleusercontent.com/places/ANXAkqEihXo5iz8mjYa1__XLcGYZT1buh85MJPuSO1vE7z4mJuHLvgoWuI3uWozMg5_RNNfAEM_RQdFdF9RAFX2GSEplyNQ8VXcggu0=s4800-w1200|https://lh3.googleusercontent.com/place-photos/AJRVUZNQovdtU6dad4SagQXCxar2WOdDBNNK9l52la3iXjNVcrPkNViHJtvILPTzBFRVqNYI8qH4KXiMsyY1xpllxB_mkNurGnvaClj1C8-Vof4fHKtjg0RS1sjuROFlBI3cM10g6bXW9-9OgonoTYHIwRyqHw=s4800-w1200,"Ramen Restaurant in Bengaluru — rated 4.8★ across 7,905 Google reviews","Neon Market, Bengaluru"
paper-pie,Paper & Pie,Bengaluru,Karnataka,"Metro Pillar Number 55, 842/A, 100 Feet Rd, Indira Nagar 1st Stage, H Colony, Indiranagar, Bengaluru, Karnataka 560038, India",12.9810313,77.6409712,quiet|retro,medium,couples|solo|groups,temperate,false,few-hours,2,Jan|Feb|Mar|Apr|May|Jun|Jul|Aug|Sep|Oct|Nov|Dec,0,,"Coffee Shop in Bengaluru — rated 4.2★ across 1,809 Google reviews","Paper & Pie, Bengaluru"
lavonne-café,Lavonne Café,Bengaluru,Karnataka,"263, 3rd Cross Rd, 2nd Stage, Defence Colony, Domlur, Bengaluru, Karnataka 560071, India",12.966849499999999,77.6368682,quiet|retro,medium,couples|solo|groups,temperate,false,few-hours,2,Jan|Feb|Mar|Apr|May|Jun|Jul|Aug|Sep|Oct|Nov|Dec,0,,"Cafe in Bengaluru — rated 4.4★ across 3,000 Google reviews","Lavonne Café, Bengaluru"
conçu-indiranagar,Conçu Indiranagar,Bengaluru,Karnataka,"1089/A, 12th Main Rd, Doopanahalli, Indiranagar, Bengaluru, Karnataka 560008, India",12.969869899999999,77.6379279,quiet|retro,medium,couples|solo|groups,temperate,false,few-hours,2,Jan|Feb|Mar|Apr|May|Jun|Jul|Aug|Sep|Oct|Nov|Dec,0,,"Cafe in Bengaluru — rated 4.2★ across 1,468 Google reviews","Conçu Indiranagar, Bengaluru"
araku-coffee,ARAKU Coffee,Bengaluru,Karnataka,"968, 12th Main Rd, HAL 2nd Stage, Doopanahalli, Indiranagar, Bengaluru, Karnataka 560008, India",12.969946499999999,77.6391732,quiet|retro,medium,couples|solo|groups,temperate,false,few-hours,2,Jan|Feb|Mar|Apr|May|Jun|Jul|Aug|Sep|Oct|Nov|Dec,0,,"Coffee Shop in Bengaluru — rated 4.1★ across 2,500 Google reviews","ARAKU Coffee, Bengaluru"
glens-bakehouse,Glens Bakehouse,Bengaluru,Karnataka,"297, 100 Feet Rd, near Toit Pub, 2nd Stage, Indira Nagar II Stage, Stage 2, Indiranagar, Bengaluru, Karnataka 560038, India",12.9791429,77.6406209,lively,high,couples|groups|family,temperate,false,half-day,2,Jan|Feb|Mar|Apr|May|Jun|Jul|Aug|Sep|Oct|Nov|Dec,0,https://lh3.googleusercontent.com/place-photos/AJRVUZN3bItsg2F8IiHlf-ycmW8WMggm5nWG00KWyH9idqGTfJGw36DU8UN6pi-Eh3goeQl3wkQlIG4UEDZV5xY4o_KYdFMnN6Y_CU8g_ShYN85m1qIJzeMvbZZdjhtbMnrPVc3JUq6lvsuSr2MGkog=s4800-w1200|https://lh3.googleusercontent.com/places/ANXAkqGipxnYxYHRwvt2b9TV_gq4yboVqf3yueJNdc168mzujlwCo-i5gAzpVIvsI89NTOsZ02OQqesFySUG_k6YQuUxbZm1xwH4D04=s4800-w1200|https://lh3.googleusercontent.com/place-photos/AJRVUZOLy8GFKeABYXHmdhL1LPDGSiTLGPNobXh_RnL_mrDxA4cgKtK3UHeqA4E6n8yRuWncfTht702Hs_bvq9igyYGGSsFxhsaGwa9PsBlS_9l7ogAW19j4RBqp8K9-1fAm3NXMeWi3Yb_knlWl2QczqX6t=s4800-w1200,"Restaurant in Bengaluru — rated 4.3★ across 14,228 Google reviews","Glens Bakehouse, Bengaluru"
the-hole-in-the-wall,The Hole In The Wall,Bengaluru,Karnataka,"2823, 80 Feet Rd, HAL 2nd Stage, Indiranagar, Bengaluru, Karnataka 560008, India",12.9675336,77.6479384,quiet|retro,medium,couples|solo|groups,temperate,false,few-hours,2,Jan|Feb|Mar|Apr|May|Jun|Jul|Aug|Sep|Oct|Nov|Dec,0,,"Cafe in Bengaluru — rated 4.1★ across 1,366 Google reviews","The Hole In The Wall, Bengaluru"
the-kind-roastery-and-brew-room-indiranagar,The Kind Roastery and Brew Room Indiranagar,Bengaluru,Karnataka,"2985, 12th Main Rd, HAL 2nd Stage, Indiranagar, Bengaluru, Karnataka 560008, India",12.9701071,77.6447307,lively,medium,couples|groups|family,temperate,false,half-day,2,Jan|Feb|Mar|Apr|May|Jun|Jul|Aug|Sep|Oct|Nov|Dec,0,,"Restaurant in Bengaluru — rated 4.3★ across 1,153 Google reviews","The Kind Roastery and Brew Room Indiranagar, Bengaluru"
casa-fresco-indiranagar-all-day-dining-café,"Casa Fresco, Indiranagar: All-Day Dining & Café",Bengaluru,Karnataka,"609, 2nd Main Rd, off 100 Feet Road, Binnamangala, Stage 1, Indiranagar, Bengaluru, Karnataka 560038, India",12.9825513,77.64028809999999,lively,high,couples|groups|family,temperate,false,half-day,2,Jan|Feb|Mar|Apr|May|Jun|Jul|Aug|Sep|Oct|Nov|Dec,0,,"Restaurant in Bengaluru — rated 4.2★ across 5,009 Google reviews","Casa Fresco, Indiranagar: All-Day Dining & Café, Bengaluru"
yogisthaan,Yogisthaan,Bengaluru,Karnataka,"89, 11th Cross Rd, Stage 2, Hoysala Nagar, Indiranagar, Bengaluru, Karnataka 560038, India",12.9809695,77.6384095,lively,medium,couples|groups|family,temperate,true,half-day,2,Jan|Feb|Mar|Apr|May|Jun|Jul|Aug|Sep|Oct|Nov|Dec,0,,"Vegetarian Restaurant in Bengaluru — rated 4.2★ across 3,716 Google reviews","Yogisthaan, Bengaluru"
la-gioia-italian-bar-and-restaurant-pizzeria,La Gioia - Italian Bar and Restaurant | Pizzeria,Bengaluru,Karnataka,"1085, 12th Main Rd, HAL 2nd Stage, Doopanahalli, Indiranagar, Bengaluru, Karnataka 560008, India",12.969830799999999,77.6383736,lively,medium,couples|groups|family,temperate,false,half-day,2,Jan|Feb|Mar|Apr|May|Jun|Jul|Aug|Sep|Oct|Nov|Dec,0,,"Italian Restaurant in Bengaluru — rated 4.4★ across 1,376 Google reviews","La Gioia - Italian Bar and Restaurant | Pizzeria, Bengaluru"
taco-street-indiranagar,Taco Street - Indiranagar,Bengaluru,Karnataka,"108, ground floor, 1st cross, 4th Main Rd, Hal, HAL 3rd Stage, New Tippasandra, Bengaluru, Karnataka 560075, India",12.971088,77.6481308,quiet|retro,medium,couples|solo|groups,temperate,false,few-hours,2,Jan|Feb|Mar|Apr|May|Jun|Jul|Aug|Sep|Oct|Nov|Dec,0,,"Cafe in Bengaluru — rated 4.2★ across 1,923 Google reviews","Taco Street - Indiranagar, Bengaluru"
alienkind-indiranagar,Alienkind | Indiranagar,Bengaluru,Karnataka,"4000, 100 Feet Rd, HAL 2nd Stage, Stage 2, Indiranagar, Bengaluru, Karnataka 560071, India",12.9636249,77.64120080000001,quiet|retro,low,couples|solo|groups,temperate,false,few-hours,2,Jan|Feb|Mar|Apr|May|Jun|Jul|Aug|Sep|Oct|Nov|Dec,0,,Cafe in Bengaluru — rated 4.0★ across 709 Google reviews,"Alienkind | Indiranagar, Bengaluru"
third-wave-coffee,Third Wave Coffee,Bengaluru,Karnataka,"729, Chinmaya Mission Hospital Rd, Indira Nagar 1st Stage, Stage 1, Indiranagar, Bengaluru, Karnataka 560038, India",12.9786748,77.6452918,quiet|retro,medium,couples|solo|groups,temperate,false,few-hours,2,Jan|Feb|Mar|Apr|May|Jun|Jul|Aug|Sep|Oct|Nov|Dec,0,,"Cafe in Bengaluru — rated 4.4★ across 3,899 Google reviews","Third Wave Coffee, Bengaluru"
chai-days,Chai Days,Bengaluru,Karnataka,"100 Feet Rd, HAL 2nd Stage, Indiranagar, Bengaluru, Karnataka 560008, India",12.966476600000002,77.64168529999999,quiet|retro,medium,couples|solo|groups,temperate,false,few-hours,2,Jan|Feb|Mar|Apr|May|Jun|Jul|Aug|Sep|Oct|Nov|Dec,0,,"Tea House in Bengaluru — rated 4.4★ across 4,940 Google reviews","Chai Days, Bengaluru"
copper-cloves-indiranagar,Copper + Cloves Indiranagar,Bengaluru,Karnataka,"549A, 9th A Main Rd, Hoysala Nagar, Indiranagar, Bengaluru, Karnataka 560038, India",12.9777487,77.6372497,quiet|retro,low,couples|solo|groups,temperate,false,few-hours,2,Jan|Feb|Mar|Apr|May|Jun|Jul|Aug|Sep|Oct|Nov|Dec,0,,Cafe in Bengaluru — rated 4.3★ across 699 Google reviews,"Copper + Cloves Indiranagar, Bengaluru"
lazy-suzy,Lazy Suzy,Bengaluru,Karnataka,"36, 80 Feet Rd, Hal, HAL 3rd Stage, Indiranagar, Bengaluru, Karnataka 560075, India",12.970874700000001,77.6475882,lively,medium,couples|groups|family,temperate,false,half-day,2,Jan|Feb|Mar|Apr|May|Jun|Jul|Aug|Sep|Oct|Nov|Dec,0,,"European Restaurant in Bengaluru — rated 4.2★ across 4,486 Google reviews","Lazy Suzy, Bengaluru"
sri-udupi-park,Sri Udupi Park,Bengaluru,Karnataka,"100 Feet Rd, Stage 3, Indiranagar, Bengaluru, Karnataka 560038, India",12.9736159,77.6408999,lively,high,couples|groups|family,temperate,false,half-day,2,Jan|Feb|Mar|Apr|May|Jun|Jul|Aug|Sep|Oct|Nov|Dec,0,https://lh3.googleusercontent.com/place-photos/AJRVUZNLcZA9V4fzxHOItGGSTpM0vaw2zju9JG5lMyaBLPj3aA1wwoUFcBPmt_K_I9ktPCAhJ0FqEYrhW_i1vdz-1I-fo2RpEW3pLUkP63FJ2AWXTYCRoXGZgAxhvr-qUtqdCCOAU8pK1ciDRIME_w=s4800-w1000|https://lh3.googleusercontent.com/place-photos/AJRVUZNYbPuBqWYDNXtSzW9lD1ryfWya6rUMVlOZorjW4OkatvDEufk8FvguY-tFZL5ihE_sFVigZPrnxzZDLAMzpBxUOkaWmWWwwLUgHxei4tCQd33DmYw1JsPEfX_vekOXBxIZPxrNkeJQMWdHVsL88HNMTA=s4800-w1200|https://lh3.googleusercontent.com/place-photos/AJRVUZO3qWAUrltq7uqN4HLA3IGHc_mfb2hr1cYxgo4--QHanDwoYDWZTnMPkHLFS9T0DC8uZUagwax8k85OLXSBaPaDll8aQROxAO97QVyiSsxaQf9MS2ZnJJRTAQtYPL_rOXeUj1vpfmv5wHQX=s4800-w1200,"South Indian Restaurant in Bengaluru — rated 4.1★ across 16,061 Google reviews","Sri Udupi Park, Bengaluru"
the-leela-palace-bengaluru-garden-city-s-only-modern-palace-,The Leela Palace Bengaluru - Garden City's Only Modern Palace Hotel,Bengaluru,Karnataka,"23, HAL Old Airport Rd, HAL 2nd Stage, Kodihalli, Bengaluru, Karnataka 560008, India",12.960165499999999,77.6473827,scenic|quiet,high,couples|family|groups,temperate,true,half-day,3,Jan|Feb|Mar|Apr|May|Jun|Jul|Aug|Sep|Oct|Nov|Dec,0,https://lh3.googleusercontent.com/places/ANXAkqGD92rZ_6kRRA3DVpFBSRBr0Miwv0MxC_R36rUs0QxkD3Y_zeJlhxbV-RgXOyC9he6AGbWE-Ccv0mYyXs3vYNp28-vMw-9i_34=s4800-w1200|https://lh3.googleusercontent.com/place-photos/AJRVUZPp3yUUqXBgiPK1xyy0okVIfrxY9Xkf3nSTdpgL7B7UatYOIkPHiDjjZ_4fOMRKRQAcagwX3NeQoP0lpjkVOyB2hNkQdhiGyCJVX8STUWUBU0pjelD1GGuuZ0er6lxlwzC7gCTzLqqYCtS78CqraS7dOA=s4800-w1200|https://lh3.googleusercontent.com/places/ANXAkqHIyUHCOl99teMfwHCcDhUVbR_81fo_twjYR6h9WP4J3XHXehgRbADjt7eap3IIKHaPOPSLvCtvY5WGoGsFoTTohtUAAp9Ww3k=s4800-w1200,"Hotel in Bengaluru — rated 4.6★ across 36,753 Google reviews","The Leela Palace Bengaluru - Garden City's Only Modern Palace Hotel, Bengaluru"
toit,Toit,Bengaluru,Karnataka,"6/2, 100 Feet Rd, near Drops Total Spirites, Binnamangala, Stage 1, Indiranagar, Bengaluru, Karnataka 560038, India",12.9795441,77.6406542,lively,high,groups|couples,temperate,false,half-day,3,Jan|Feb|Mar|Apr|May|Jun|Jul|Aug|Sep|Oct|Nov|Dec,0,https://lh3.googleusercontent.com/place-photos/AJRVUZPLOQzk1n1podvXuHX8LzORJaot_y5LkzLGmhpVzWhwjgURf6dY-fVK7n7JExG4_J_IxEsBULVOFO5Q5_LkuJNjHsxemjmK9zySAtKXhRmXOkFIH7iUgIAJyJKABz07vPWV0S1k6ExjUMsT6Xk=s4800-w1200|https://lh3.googleusercontent.com/place-photos/AJRVUZPX9dmlNEvmw_5OTm3BjyEP_NKTAIKYNHspCLuny0jVPcYQfo0fWNvhkGT8Aj1YN-JX9YEuunIz2HWa9SmC9Kc1ai_JBkkqPchxs_Ut2Twt9orBckQq1MWhnWyx3gFSA7XHiXD2b3bC2KpD78O9hXCh0Q=s4800-w1200|https://lh3.googleusercontent.com/place-photos/AJRVUZPdiKkgQS7wI1C4uhgJ1Cr-d58Vkz7vdg_lLxWAr6BSgv0uJCJo4m-8b3liM5gZzQ3ZpRGdD8CpCxPN2Q3DloFYE8uRMsIunJf2QmurjF3X4dH0vwQxYN6NCJnWNzZ_C7pmt4i69jAHuS50UEA=s4800-w1000,"Brewpub in Bengaluru — rated 4.5★ across 61,583 Google reviews","Toit, Bengaluru"
bob-s-bar,Bob's Bar,Bengaluru,Karnataka,"777/I, 100 Feet Rd, HAL 2nd Stage, Doopanahalli, Indiranagar, Bengaluru, Karnataka 560008, India",12.967131199999999,77.64116709999999,lively,high,groups|couples,temperate,false,half-day,2,Jan|Feb|Mar|Apr|May|Jun|Jul|Aug|Sep|Oct|Nov|Dec,0,https://lh3.googleusercontent.com/place-photos/AJRVUZPleTrPBUz9K_kTZrlhXwGINAJl4rYZMuuADzIIWOZ_fffP6z97mX0awI3uNFEW8aQtfOIFfuQmXdbgzPcGJqqb8nokh8MWPH8WAY4ULUlvCRrWrbyrKeaM3zpzqzi2AYnfVG9LxRuWX5Reug=s4800-w1200|https://lh3.googleusercontent.com/place-photos/AJRVUZPmIYJ4UAG0DpznUtzH-O_Dv5E_KYiqC2g-h38eaBSsVEuW29-ymkN5F3RNkBFd-qB0R6MKtW3j2iGuvufQ1j4aebMwpjw5MqamaVRUBnKXTDd5aMji2OcKcZaUpWAP-fY8KDxt-uHC3miBT1D-3WdVWg=s4800-w1200|https://lh3.googleusercontent.com/place-photos/AJRVUZN1YLfx-ctRkvd0g1M0w8Pbge_OG6ixmfYBNJH63Jc_0YxpPe-OIN4PU5xQRs31HQeeLlaarbswqmK_FXD_qbQ5hy9fAbPMXVg4NNuHRFTMj3gyR_6BT5rDhiOHqijXAs6SE-cx1ZH3PZAzyg=s4800-w1200,"Bar in Bengaluru — rated 4.2★ across 20,387 Google reviews","Bob's Bar, Bengaluru"
chin-lung-brewery-indiranagar,CHIN LUNG BREWERY INDIRANAGAR,Bengaluru,Karnataka,"1135, 100 Feet Rd, HAL 2nd Stage, Indiranagar, Bengaluru, Karnataka 560008, India",12.9692549,77.6416162,lively,medium,groups|couples,temperate,false,half-day,2,Jan|Feb|Mar|Apr|May|Jun|Jul|Aug|Sep|Oct|Nov|Dec,0,,"Brewery in Bengaluru — rated 4.3★ across 2,484 Google reviews","CHIN LUNG BREWERY INDIRANAGAR, Bengaluru"
the-reservoire-indiranagar,The Reservoire Indiranagar,Bengaluru,Karnataka,"3rd and 4th Floor, No. 949, 12th Main Rd, HAL 2nd Stage, Appareddipalya, Indiranagar, Bengaluru, Karnataka 560008, India",12.9702488,77.63917750000002,lively,medium,groups|couples,temperate,false,half-day,3,Jan|Feb|Mar|Apr|May|Jun|Jul|Aug|Sep|Oct|Nov|Dec,0,,"Cocktail Bar in Bengaluru — rated 4.6★ across 2,097 Google reviews","The Reservoire Indiranagar, Bengaluru"
big-pitcher-indiranagar,Big Pitcher Indiranagar,Bengaluru,Karnataka,"No.4121, Ward No.88, L R Arcade, HAL Old Airport Rd, next to The Leela Palace, HAL 2nd Stage, Indiranagar, Bengaluru, Karnataka 560008, India",12.960220399999999,77.6468902,lively,high,groups|couples,temperate,false,half-day,2,Jan|Feb|Mar|Apr|May|Jun|Jul|Aug|Sep|Oct|Nov|Dec,0,https://lh3.googleusercontent.com/places/ANXAkqHZjytEOH-h35IFoHO-ygeIQcIaalwWGWZYeNsfDcsoUZfRqvAzqyFD68mns_66YwDC1GsToy7xX03lVJIIDukVnkjBrzEv9M0=s4800-w1024|https://lh3.googleusercontent.com/places/ANXAkqHsmPgzJ8XROQCfJgl3w3wtz_W-1EtQ0NadfOk7E8iIWEYvQq5Gzkbur7j5phPW30Ifqcol-EzIZbZAgPAsoym04c6tEhPIkTw=s4800-w1200|https://lh3.googleusercontent.com/place-photos/AJRVUZONqVKVT1WmqxQ4ovwKOLTH11pZozzIFwSNyO5gySlHsaHQZ8ZJD26bvuWlfNdPgVFy2l7B-dNU7jgBcXan0uHkecE7a2fmKhww78Jo16HEScMmw5sct5DmP3LH3GJMpYHWcOvzHRWcqVfzbYQ=s4800-w1200,"Brewery in Bengaluru — rated 4.4★ across 30,452 Google reviews","Big Pitcher Indiranagar, Bengaluru"
daddy-bangalore,Daddy Bangalore,Bengaluru,Karnataka,"963, 12th Main Rd, HAL 2nd Stage, Doopanahalli, Indiranagar, Bengaluru, Karnataka 560008, India",12.9700136,77.6400748,lively,high,groups|couples,temperate,false,half-day,2,Jan|Feb|Mar|Apr|May|Jun|Jul|Aug|Sep|Oct|Nov|Dec,0,https://lh3.googleusercontent.com/place-photos/AJRVUZP8_XymwSRrM2ox9QdDNOIr5YYKXQnwjaBArixsVhy-8Q5LM-uZgklSbvp8wrC5tLTrZPK7bj-hTdJs_JdHShTyIlTNgD8CYrE2HUqTXHt2bYirgf0ODLlc-q8M3ZosA531916wJuGVNDwo=s4800-w1200|https://lh3.googleusercontent.com/place-photos/AJRVUZMYjGh29ovx_66_HF58kkJzm0LptDFkLW39tjJki5_u-Wa2CSsZeGLCh6wg-NETIK28a_BAKs-tVJwZ7Z9lnJOaOyIR6D-tsiBe7mEwRfSq-FmO7tEr1aTb9aGrUteWlnebEXV9Kj1aQ88sVwvGE01JBg=s4800-w1200|https://lh3.googleusercontent.com/place-photos/AJRVUZP16D5Lc8uXXNsMZ_MU4fbQje9n3YOWFARhy6bBm6EeEX6GqDfSMq2-NF5vkqgdPvYKOGBn57co8hKMvj0c3w1k_cVSqRv0jUQGgCmgEfGO819pTFUWYwWA5_AbRsgh7K1bJwtRx5cA6mVExxA8eyYfbg=s4800-w1200,"Bar in Bengaluru — rated 4.3★ across 10,926 Google reviews","Daddy Bangalore, Bengaluru"
indiranagar-social,Indiranagar SOCIAL,Bengaluru,Karnataka,"Plot 37, 80 Feet Rd, Hal, HAL 3rd Stage, Hal, New Tippasandra, Bengaluru, Karnataka 560075, India",12.9707654,77.6476266,lively,medium,groups|couples,temperate,false,half-day,2,Jan|Feb|Mar|Apr|May|Jun|Jul|Aug|Sep|Oct|Nov|Dec,0,,"Bar in Bengaluru — rated 4.0★ across 4,926 Google reviews","Indiranagar SOCIAL, Bengaluru"
21st-amendment-gastrobar-indiranagar,21st Amendment Gastrobar Indiranagar,Bengaluru,Karnataka,"1211, 100 Feet Rd, HAL 2nd Stage, Doopanahalli, Indiranagar, Bengaluru, Karnataka 560008, India",12.965938999999999,77.64127959999999,lively,high,groups|couples,temperate,false,half-day,2,Jan|Feb|Mar|Apr|May|Jun|Jul|Aug|Sep|Oct|Nov|Dec,0,,"Bar in Bengaluru — rated 4.2★ across 6,877 Google reviews","21st Amendment Gastrobar Indiranagar, Bengaluru"
secret-story-bar-kitchen,Secret Story Bar & Kitchen,Bengaluru,Karnataka,"3rd & 4th Floor, 968, 12th Main Rd, HAL 2nd Stage, Doopanahalli, Indiranagar, Bengaluru, Karnataka 560008, India",12.9699636,77.63919349999999,lively,medium,couples|groups|family,temperate,false,half-day,2,Jan|Feb|Mar|Apr|May|Jun|Jul|Aug|Sep|Oct|Nov|Dec,0,,"Restaurant in Bengaluru — rated 3.7★ across 2,823 Google reviews","Secret Story Bar & Kitchen, Bengaluru"
the-pizza-bakery-indiranagar,The Pizza Bakery - Indiranagar,Bengaluru,Karnataka,"2985, 12th Main Rd, HAL 2nd Stage, Indiranagar, Bengaluru, Karnataka 560038, India",12.970144399999999,77.6447056,lively,high,couples|groups|family,temperate,false,half-day,2,Jan|Feb|Mar|Apr|May|Jun|Jul|Aug|Sep|Oct|Nov|Dec,0,,"Pizza Restaurant in Bengaluru — rated 4.3★ across 6,671 Google reviews","The Pizza Bakery - Indiranagar, Bengaluru"
watson-s-indiranagar,Watson's Indiranagar,Bengaluru,Karnataka,"2nd Floor, 777/I, 100 Feet Rd, HAL 2nd Stage, Doopanahalli, Indiranagar, Bengaluru, Karnataka 560008, India",12.967276,77.6412768,lively,medium,groups|couples,temperate,false,half-day,2,Jan|Feb|Mar|Apr|May|Jun|Jul|Aug|Sep|Oct|Nov|Dec,0,,"Pub in Bengaluru — rated 4.5★ across 4,463 Google reviews","Watson's Indiranagar, Bengaluru"
bombay-brasserie-indiranagar,Bombay Brasserie - Indiranagar,Bengaluru,Karnataka,"First & Second Floor, 2989/B, 2989/B, 12th Main Rd, HAL 2nd Stage, Indiranagar, Bengaluru, Karnataka 560008, India",12.970125,77.64582,lively,high,couples|groups|family,temperate,false,half-day,2,Jan|Feb|Mar|Apr|May|Jun|Jul|Aug|Sep|Oct|Nov|Dec,0,,"North Indian Restaurant in Bengaluru — rated 4.2★ across 9,473 Google reviews","Bombay Brasserie - Indiranagar, Bengaluru"
house-of-commons,House of Commons,Bengaluru,Karnataka,"1st Floor, 1131, 100 Feet Rd, HAL 2nd Stage, Indiranagar, Bengaluru, Karnataka 560008, India",12.969882,77.64158599999999,lively,medium,couples|groups|family,temperate,false,half-day,2,Jan|Feb|Mar|Apr|May|Jun|Jul|Aug|Sep|Oct|Nov|Dec,0,,"Restaurant in Bengaluru — rated 4.6★ across 3,013 Google reviews","House of Commons, Bengaluru"
jamming-goat-3-0,Jamming Goat 3.0,Bengaluru,Karnataka,"2010 PID- 74-1, 1st & 2nd floor, 2010, 100 Feet Rd, Hal, second stage, Indiranagar, Bengaluru, Karnataka 560008, India",12.9653563,77.64178319999999,lively,medium,groups|couples,temperate,true,half-day,2,Jan|Feb|Mar|Apr|May|Jun|Jul|Aug|Sep|Oct|Nov|Dec,0,,"Bar in Bengaluru — rated 4.3★ across 1,300 Google reviews","Jamming Goat 3.0, Bengaluru"
mojo-by-vapour-pub,Mojo By Vapour Pub,Bengaluru,Karnataka,"773, 100 Feet Rd, HAL 2nd Stage, Doopanahalli, Indiranagar, Bengaluru, Karnataka 560008, India",12.9693572,77.64113429999999,lively,high,groups|couples,temperate,false,half-day,3,Jan|Feb|Mar|Apr|May|Jun|Jul|Aug|Sep|Oct|Nov|Dec,0,,"Brewpub in Bengaluru — rated 3.9★ across 8,121 Google reviews","Mojo By Vapour Pub, Bengaluru"
brik-oven-woodfired-style-pizzas-indiranagar,Brik Oven - Woodfired Style Pizzas (Indiranagar),Bengaluru,Karnataka,"872/a, 80 Feet Rd, HAL 2nd Stage, New Tippasandra, Bengaluru, Karnataka 560075, India",12.9797709,77.6465667,lively,high,couples|groups|family,temperate,false,half-day,2,Jan|Feb|Mar|Apr|May|Jun|Jul|Aug|Sep|Oct|Nov|Dec,0,,"Pizza Restaurant in Bengaluru — rated 4.4★ across 5,097 Google reviews","Brik Oven - Woodfired Style Pizzas (Indiranagar), Bengaluru"
mahesh-lunch-home,Mahesh Lunch Home,Bengaluru,Karnataka,"2011, 1st Floor, HAL 2nd Stage, Indiranagar, Bengaluru, Karnataka 560008, India",12.9653586,77.6416965,lively,high,couples|groups|family,temperate,false,half-day,2,Jan|Feb|Mar|Apr|May|Jun|Jul|Aug|Sep|Oct|Nov|Dec,0,,"Seafood Restaurant in Bengaluru — rated 4.1★ across 5,294 Google reviews","Mahesh Lunch Home, Bengaluru"
planb,PlanB,Bengaluru,Karnataka,"1136, 100 Feet Rd, HAL 2nd Stage, Indiranagar, Bengaluru, Karnataka 560008, India",12.969082799999999,77.6415774,lively,high,couples|groups,temperate,false,half-day,2,Jan|Feb|Mar|Apr|May|Jun|Jul|Aug|Sep|Oct|Nov|Dec,0,,"Bar And Grill in Bengaluru — rated 4.1★ across 7,055 Google reviews","PlanB, Bengaluru"
1131-bar-kitchen,1131 Bar + Kitchen,Bengaluru,Karnataka,"1131, 100 Feet Rd, HAL 2nd Stage, Indiranagar, Bengaluru, Karnataka 560038, India",12.9698113,77.64151749999999,lively,high,couples|groups,temperate,false,half-day,2,Jan|Feb|Mar|Apr|May|Jun|Jul|Aug|Sep|Oct|Nov|Dec,0,https://lh3.googleusercontent.com/places/ANXAkqHCRBXtmWOhKvyuW3cRa_mH_f1OIeSqjDNb8M5fJP0fPbmVZ7j93FZhjWhFtBpQLFTFaKkd51rpasdX1eyNlDUgQV2okxfGg0U=s4800-w1200|https://lh3.googleusercontent.com/places/ANXAkqEUtTX6Cx_n0_GBhKfBWpK3Vq7fZ2MrUl5GKXO56bmqIgMnmrAvJXMOqJzEBbK3zBX81q7BiYheOfBqQ2qeBS7K-SC9sIjb9kw=s4800-w1080|https://lh3.googleusercontent.com/place-photos/AJRVUZMSq8po5FreNPcQv8WmdPv4wAQQXmbqmMi2UK9CB60DTokBqNfM7z2rcT0p3-v1fd247NwjJ_9jjDW5WYbCcMtFi7iQjszz_4zZMmNOATTha_eyT3AuD7uloPMTJjdQm_xgDSOPzP1q2CO178wgNwaS=s4800-w1200,"Bar And Grill in Bengaluru — rated 4.3★ across 11,952 Google reviews","1131 Bar + Kitchen, Bengaluru"
truffles-koramangala,Truffles Koramangala,Bengaluru,Karnataka,"Apex Building, Ground Floor, A Wing, 93/A, 4th B Cross Rd, 5th Block, Koramangala, Bengaluru, Karnataka 560095, India",12.9335313,77.6143168,lively,high,couples|groups|family,temperate,false,half-day,2,Jan|Feb|Mar|Apr|May|Jun|Jul|Aug|Sep|Oct|Nov|Dec,0,https://lh3.googleusercontent.com/place-photos/AJRVUZMQajfbJNd44vj3dbW6SHxJIDytnwv2tc2-ec4wDLRLYJaqIAZpGr-dJo7GZPy3eEoo7gZiXYNfZ2HGzyWl2l1aOf8dQEpkKOA2MQp0T2AtYQmry2z7D6v5jIaMRpvDGkvOxJObVyPHHWsJzQ=s4800-w1200|https://lh3.googleusercontent.com/place-photos/AJRVUZNNsNeAe1LnfWJQWfQfx9P7QeogN_eUDWPEOSEKH-j51vhBBO5TqTYTAd86A0gBPFEjt68ip6C9MHoBPDD-t4eBgIc0o4zfGCo0kBVtY339EZrXO4tSsObQSe5uE23zbLnOnx2BGADVHUIonCQ=s4800-w1200|https://lh3.googleusercontent.com/place-photos/AJRVUZNnLz3Ownpcs3Cf0D43aqXK2ZWFDs_slFFOGuqhHpjPBqug37imfPWiFKM-lftPALgRtfxQC39oP6P0Y4mr6aXBfRLSYDiOM5AnJ2lb8Isg2Fp4ROsGtE2MA5KTBrwXIUYPwxlKOyl0A6VOxhMa0NL_Xg=s4800-w1200,"Restaurant in Bengaluru — rated 4.5★ across 50,571 Google reviews","Truffles Koramangala, Bengaluru"
dyu-art-cafe,Dyu Art Cafe,Bengaluru,Karnataka,"Dyu art cafe 23, KHB MIG Colony, 22, 1st Cross Rd, KHB Colony, Koramangala 8th Block, Koramangala, Bengaluru, Karnataka 560095, India",12.937307599999999,77.61765439999999,quiet|retro,high,couples|solo|groups,temperate,false,few-hours,2,Jan|Feb|Mar|Apr|May|Jun|Jul|Aug|Sep|Oct|Nov|Dec,0,https://lh3.googleusercontent.com/places/ANXAkqHXEyespUew_TcU-Gg0XdKaMa_wdJoqAsHygsd3sb2dVsIEXL6eXfSTXvoVcr7uc_tbt_TuUuao6SRe2HKqY21wKhOWrqS4zrs=s4800-w1200|https://lh3.googleusercontent.com/places/ANXAkqHfVdjp1GotCLUPR07gexqgZwHuVBEyBDqyJQqRZ_l16RQkLpUmkiTIfjE18KCc0MMzONXOX5v8TpOOFjKm47srcF5_qp7ebc4=s4800-w1200|https://lh3.googleusercontent.com/place-photos/AJRVUZPchQBcarLH49OW37b7lBktQxYQ7WjC-mixkZYneueIA0kunwVQatZFYnr0L4N4mwA_BUovCj5mZCyVwUnO3SmbNEGoEWJq53GQ9e38ccWQHti-R3jVLkFeq2qxUII1g7-Scj5Fc3hRoGyb7VcmgN-1oQ=s4800-w1200,"Cafe in Bengaluru — rated 4.4★ across 20,817 Google reviews","Dyu Art Cafe, Bengaluru"
bistro-claytopia,Bistro Claytopia,Bengaluru,Karnataka,"SBI Park, 11, 80 Feet Rd, near Wipro Park, 3rd Block, Koramangala 1A Block, Koramangala 3 Block, Koramangala, Bengaluru, Karnataka 560034, India",12.925592799999999,77.6332723,quiet|retro,high,couples|solo|groups,temperate,false,few-hours,2,Jan|Feb|Mar|Apr|May|Jun|Jul|Aug|Sep|Oct|Nov|Dec,0,,"Cafe in Bengaluru — rated 4.2★ across 8,199 Google reviews","Bistro Claytopia, Bengaluru"
the-hole-in-the-wall-cafe,The Hole In The Wall Cafe,Bengaluru,Karnataka,"3, 8th Main Rd, 4th Block, Koramangala, Bengaluru, Karnataka 560047, India",12.934705399999999,77.6256024,quiet|retro,high,couples|solo|groups,temperate,true,few-hours,2,Jan|Feb|Mar|Apr|May|Jun|Jul|Aug|Sep|Oct|Nov|Dec,0,https://lh3.googleusercontent.com/places/ANXAkqH_J3LtkqB42BFgqHuO6YS4VJzDFQkV1pZVLP60CQUSFE1WgrCZFmJS4gv5cB9jmmJd2Us_HW9FdIrY7M1_PAgUqqA82n5Iik4=s4800-w480|https://lh3.googleusercontent.com/places/ANXAkqHgZNVKe3htW_u2Mbn9EJcthZWBZ4xQ6mFLET0MjWiitgOC9CU62-Mgulb84J1V6Rm3pkbXHEfgjH7rkZKu_ueq5MotzYnr2Lg=s4800-w1200|https://lh3.googleusercontent.com/place-photos/AJRVUZO8T2Z53znjs5UFm2ujTr0WGb8vsZvqI-LzJeqyc3F5A6l6y_-7MVc5ICmgl3tVym8ifLQjYLIvDxKts4xKgr6kHUKPzYAreNKc_jGJwKhBmr9ygv1lpIFRBkO653d3_bW1D7QkTdyz9yen1mvNh2wFfw=s4800-w1200,"Cafe in Bengaluru — rated 4.3★ across 20,794 Google reviews","The Hole In The Wall Cafe, Bengaluru"
154-breakfast-club,154 Breakfast Club,Bengaluru,Karnataka,"No. 440, 2nd Floor, 8th Main Rd, 4th Block, Koramangala, Bengaluru, Karnataka 560034, India",12.9333838,77.6270794,quiet|retro,high,couples|groups|family,temperate,false,half-day,2,Jan|Feb|Mar|Apr|May|Jun|Jul|Aug|Sep|Oct|Nov|Dec,0,,"Breakfast Restaurant in Bengaluru — rated 4.2★ across 5,399 Google reviews","154 Breakfast Club, Bengaluru"
madiwala-cafe,MADIWALA CAFE,Bengaluru,Karnataka,"6 1st main, 3rd Cross Rd, Madiwala New Extension, Maruti Nagar, 1st Stage, BTM 1st Stage, Bengaluru, Karnataka 560068, India",12.9263654,77.6158464,quiet|retro,medium,couples|solo|groups,temperate,false,few-hours,2,Jan|Feb|Mar|Apr|May|Jun|Jul|Aug|Sep|Oct|Nov|Dec,0,,"Cafe in Bengaluru — rated 4.2★ across 1,396 Google reviews","MADIWALA CAFE, Bengaluru"
the-craftery-by-subko-blr,"The Craftery By Subko, BLR",Bengaluru,Karnataka,"No. 374, No. 68, BBMP PID, 2-374, 3rd Block, Santhosapuram, situated at, Koramangala, Bengaluru, Karnataka 560034, India",12.9258697,77.6255362,quiet|retro,medium,couples|solo|groups,temperate,false,few-hours,2,Jan|Feb|Mar|Apr|May|Jun|Jul|Aug|Sep|Oct|Nov|Dec,0,,"Coffee Shop in Bengaluru — rated 4.2★ across 1,080 Google reviews","The Craftery By Subko, BLR, Bengaluru"
roastea-curated-coffee-and-tea-artisans,Roastea - Curated Coffee And Tea Artisans,Bengaluru,Karnataka,"612/3, 80 Feet Rd, next to Akshaya Motors Mercedes Benz Showroom, 4th Block, Koramangala, Bengaluru, Karnataka 560034, India",12.935825500000002,77.62819259999999,quiet|retro,medium,couples|solo|groups,temperate,false,few-hours,2,Jan|Feb|Mar|Apr|May|Jun|Jul|Aug|Sep|Oct|Nov|Dec,0,,"Cafe in Bengaluru — rated 4.6★ across 2,500 Google reviews","Roastea - Curated Coffee And Tea Artisans, Bengaluru"
mitico-coffee-roasters,Mitico Coffee Roasters,Bengaluru,Karnataka,"62, Jyoti Nivas College Rd, 5th Block, Koramangala, Bengaluru, Karnataka 560095, India",12.9334472,77.6150751,quiet|retro,medium,couples|solo|groups,temperate,false,few-hours,2,Jan|Feb|Mar|Apr|May|Jun|Jul|Aug|Sep|Oct|Nov|Dec,0,,"Cafe in Bengaluru — rated 4.5★ across 1,043 Google reviews","Mitico Coffee Roasters, Bengaluru"
fenny-s-lounge-kitchen,Fenny's Lounge & Kitchen,Bengaluru,Karnataka,"3rd Floor, WJP7+39W, 115, 80 Feet Rd, above Starbucks, 7th Block, Koramangala, Bengaluru, Karnataka 560095, India",12.935214799999999,77.6134976,lively,high,groups|couples,temperate,false,half-day,3,Jan|Feb|Mar|Apr|May|Jun|Jul|Aug|Sep|Oct|Nov|Dec,0,https://lh3.googleusercontent.com/places/ANXAkqEzGRIzAjmrULeEw74oRZrb1T9sxqdkvda4TFW63cCXghUB9GnOSHu-SV3sMv8PxAPL7U7S77LOoXWs7QR5hdUBbgRyWvg8lBM=s4800-w1200|https://lh3.googleusercontent.com/places/ANXAkqHlOv85yXm4ajodhwCAx8WJ27bLr0Kh1m_se2VHU7b9AzHIYqSzSNaZEq6yNmH1vMxF686PZw1kVCVog6BKT-mNo1Se4porQUE=s4800-w1200|https://lh3.googleusercontent.com/place-photos/AJRVUZNrmqnFwqMdK1olYTllNJB-5_f0d3oHSdL5762hQ3Ps56rnuwzpTP-h8vPwJho9U-BEfzvMSIlzhqi-m_cnpUHkICSR-xOGDa8Q1FeRz4vv8jnKgz5dttGGx0jEiQTDPIYrWCjLgtO-kicm2BNR4aImAg=s4800-w1200,"Cocktail Bar in Bengaluru — rated 4.3★ across 11,154 Google reviews","Fenny's Lounge & Kitchen, Bengaluru"
blue-tokai-coffee-roasters-koramangala,Blue Tokai Coffee Roasters | Koramangala,Bengaluru,Karnataka,"583, 20th Main Rd, Koramangala 8th Block, Koramangala, Bengaluru, Karnataka 560095, India",12.9406758,77.6201983,quiet|retro,medium,couples|solo|groups,temperate,false,few-hours,2,Jan|Feb|Mar|Apr|May|Jun|Jul|Aug|Sep|Oct|Nov|Dec,0,,"Cafe in Bengaluru — rated 4.2★ across 2,439 Google reviews","Blue Tokai Coffee Roasters | Koramangala, Bengaluru"
sendhoor-coffee,Sendhoor Coffee,Bengaluru,Karnataka,"No. 100, Koundinya, 18th Main Rd, KHB Colony, 6th Block, Koramangala, Bengaluru, Karnataka 560095, India",12.936974699999999,77.6202519,lively,high,couples|groups|family,temperate,false,half-day,2,Jan|Feb|Mar|Apr|May|Jun|Jul|Aug|Sep|Oct|Nov|Dec,0,,"South Indian Restaurant in Bengaluru — rated 4.4★ across 5,919 Google reviews","Sendhoor Coffee, Bengaluru"
babylonia-global-food-and-cocktails,Babylonia - Global Food and Cocktails,Bengaluru,Karnataka,"7th Block, 9, 20th Main Rd, KHB Colony, 7th Block, Koramangala, Bengaluru, Karnataka 560095, India",12.936228,77.6157097,lively,medium,couples|groups|family,temperate,false,half-day,2,Jan|Feb|Mar|Apr|May|Jun|Jul|Aug|Sep|Oct|Nov|Dec,0,,"Restaurant in Bengaluru — rated 4.3★ across 1,326 Google reviews","Babylonia - Global Food and Cocktails, Bengaluru"
dialogues-cafe-koramangala,Dialogues Cafe Koramangala,Bengaluru,Karnataka,"21, 80 Feet Rd, Nirguna Mandir Layout, 4th Block, Koramangala, Bengaluru, Karnataka 560034, India",12.932417899999999,77.631954,quiet|retro,medium,couples|solo|groups,temperate,false,few-hours,2,Jan|Feb|Mar|Apr|May|Jun|Jul|Aug|Sep|Oct|Nov|Dec,0,,"Cafe in Bengaluru — rated 4.3★ across 2,382 Google reviews","Dialogues Cafe Koramangala, Bengaluru"
third-wave-coffee-pogkts,Third Wave Coffee,Bengaluru,Karnataka,"1, 4th Block, 984, 80 Feet Rd, Maharaja Signal, AVS Layout, Koramangala, Bengaluru, Karnataka 560034, India",12.934721699999999,77.6295729,quiet|retro,medium,couples|solo|groups,temperate,false,few-hours,2,Jan|Feb|Mar|Apr|May|Jun|Jul|Aug|Sep|Oct|Nov|Dec,0,,"Cafe in Bengaluru — rated 4.4★ across 4,938 Google reviews","Third Wave Coffee, Bengaluru"
mcdonald-s,McDonald's,Bengaluru,Karnataka,"Unit No 10, AKS Plaza No 10, Jyoti Nivas College Rd, opposite Forum Mall Musallah Masjid, KHB Colony, Koramangala Industrial Layout, Koramangala, Bengaluru, Karnataka 560095, India",12.9353688,77.6155361,lively,high,couples|groups|family,temperate,false,half-day,2,Jan|Feb|Mar|Apr|May|Jun|Jul|Aug|Sep|Oct|Nov|Dec,0,,"Fast Food Restaurant in Bengaluru — rated 4.3★ across 7,722 Google reviews","McDonald's, Bengaluru"
starbucks,Starbucks,Bengaluru,Karnataka,"756, 80 Feet Rd, 4th Block, Koramangala, Bengaluru, Karnataka 560034, India",12.932400699999999,77.6315671,quiet|retro,medium,couples|solo|groups,temperate,false,few-hours,2,Jan|Feb|Mar|Apr|May|Jun|Jul|Aug|Sep|Oct|Nov|Dec,0,,"Coffee Shop in Bengaluru — rated 4.4★ across 1,092 Google reviews","Starbucks, Bengaluru"
krust-cafe,Krust Cafe,Bengaluru,Karnataka,"29, 2nd Main Rd, S.T. Bed, 1st Block Koramangala, Ejipura, Bengaluru, Karnataka 560034, India",12.928497,77.6359186,quiet|retro,low,couples|solo|groups,temperate,false,few-hours,2,Jan|Feb|Mar|Apr|May|Jun|Jul|Aug|Sep|Oct|Nov|Dec,0,,Cafe in Bengaluru — rated 4.6★ across 490 Google reviews,"Krust Cafe, Bengaluru"
the-peck,The Peck,Bengaluru,Karnataka,"585, Koramangala 8th Block, Koramangala, Bengaluru, Karnataka 560095, India",12.940854999999999,77.620344,quiet|retro,low,couples|solo|groups,temperate,false,few-hours,2,Jan|Feb|Mar|Apr|May|Jun|Jul|Aug|Sep|Oct|Nov|Dec,0,,Cafe in Bengaluru — rated 4.3★ across 440 Google reviews,"The Peck, Bengaluru"
tim-hortons,Tim Hortons,Bengaluru,Karnataka,"8 Block, Main Rd, Koramangala 8th Block, Koramangala, Bengaluru, Karnataka 560095, India",12.9398549,77.6195518,quiet|retro,medium,couples|solo|groups,temperate,false,few-hours,2,Jan|Feb|Mar|Apr|May|Jun|Jul|Aug|Sep|Oct|Nov|Dec,0,,"Coffee Shop in Bengaluru — rated 4.3★ across 1,491 Google reviews","Tim Hortons, Bengaluru"
the-bier-library,The Bier Library,Bengaluru,Karnataka,"14, Patel Narayana Reddy Layout, 80 Feet Rd, Venkappa Garden, 6th Block, Ejipura, Bengaluru, Karnataka 560095, India",12.939220599999999,77.6261115,lively,high,groups|couples,temperate,false,half-day,3,Jan|Feb|Mar|Apr|May|Jun|Jul|Aug|Sep|Oct|Nov|Dec,0,https://lh3.googleusercontent.com/places/ANXAkqGmw94nvq5HJ4EAq2vyvySyyD4WriKwP7ZIGV6Qr0XTlbxOwoQ3qPP6rPtzMxwi3bb_W4l_YjVvQqQgYQpAswLzihGOyfQ8Uj0=s4800-w1200|https://lh3.googleusercontent.com/place-photos/AJRVUZM7y-ff7rynMr75tlCeuhuJ7cHW_2xRib6ZjkXGL1FQPQefInyshIq78h0Dki5X3UkZp3Cy1A2ZbS_6MT_tWU8rHndbCGd2ckION5pdHHOQygYfLjFLqxr4r7KeiqKKwQHNP3n0ySVhdrApM3ry8PuAxw=s4800-w1200|https://lh3.googleusercontent.com/places/ANXAkqGh04hebW25A-mHwm6mXE6Di_29lUQrFUtI0uLACRXecxxo4GEy-nkAb5ugV1li5Hjsf0nu04O1fjGh_41eIM2-oKUmq8O_qVU=s4800-w1200,"Brewpub in Bengaluru — rated 4.4★ across 22,569 Google reviews","The Bier Library, Bengaluru"
savoury-business-hotel,Savoury Business Hotel,Bengaluru,Karnataka,"84, Hosur main road, Near Federal Bank ATM, Madiwala, 84, Hosur Rd, Zuzuvadi, Madiwala, 1st Stage, BTM 1st Stage, Bengaluru, Karnataka 560068, India",12.9260187,77.6169853,scenic|quiet,high,couples|family|groups,temperate,true,half-day,3,Jan|Feb|Mar|Apr|May|Jun|Jul|Aug|Sep|Oct|Nov|Dec,0,https://lh3.googleusercontent.com/places/ANXAkqHFH4xi45Yhr77bqG4N5RnOt-DJ4LFtFFyput1wGW1lYR9wyxbkMX5zJnZGcPs0niioPoVQpzjJVc2etSAJL8VF5fwpler5CfI=s4800-w700|https://lh3.googleusercontent.com/place-photos/AJRVUZPyZvoyFVGTrbuTqRl8VDw1hA2cI3ri64CjHqtmXdfojdV3DwggKwiTVs2LLrDjiSaJbPGpDUPYujiEbA_9rjc4-lP8qLl49wf15f1SU5Dox83bVu49ZS_XXoAHTaWuJKaX_whG5KuKsx0FcQ=s4800-w1200|https://lh3.googleusercontent.com/place-photos/AJRVUZOgcpAW7DbJrhEPZBfrTByZgykSxonEv9vodL6IzNFyq6oyGrvpY938RFVGh9nEPd3QH-mLLcVgIppTS17FgDPlguyHrCErjEDqmOVUeAmkSq2E7hnr1jcNUrQWCBivIMshDrSPTQhzNo_OZEE=s4800-w1200,"Hotel in Bengaluru — rated 4.1★ across 13,602 Google reviews","Savoury Business Hotel, Bengaluru"
meghana-foods-koramangala,Meghana Foods - Koramangala,Bengaluru,Karnataka,"124, 1st A cross Rd, near Jyoti Nivas College Road, KHB Colony, 5th Block, Koramangala, Bengaluru, Karnataka 560095, India",12.9346193,77.6163924,lively,high,couples|groups|family,temperate,false,half-day,2,Jan|Feb|Mar|Apr|May|Jun|Jul|Aug|Sep|Oct|Nov|Dec,0,https://lh3.googleusercontent.com/place-photos/AJRVUZP4YPsyBO4wGnSI7OeqECOAoKVxMg1ZV8xYzSTLSP7r-vSFUx939hjC-qJnNR8yGWKamwMJ9ykzkS6WLVOYks2N-a8zsDEkWIRVpdWajX4KSvSzx_QyPKaztqczOYrQj9sv64ZBNg9L00xZdg=s4800-w1200|https://lh3.googleusercontent.com/place-photos/AJRVUZNHlqBiIBAvCoYm6zZLUu_Y4NVoI-_XXHLbQq9KokejdgLcXsw5c0CQwUut6sq2EcYamIiYfGPQt2k4PJfFAXUaOvbShviRCv-WXj5N4nQK0sBw6I3_DwyeHuZVehYtaqO0NEMTGbj6E74dQtaowBaM=s4800-w1200|https://lh3.googleusercontent.com/place-photos/AJRVUZMJ1WBNZ5RrVC1EZjccKebj6nO6nZCs9mVtUWXLZKqgC4P5_UUwr_7QHA7w4oXZfyHTRzIdq58oAHbBiwMxfMBDT3Zq6sI2p1YpNSCjIXRxuknE7AJ4eC_asiUkKwXY8kxV0CaEXgixAeSZ4x0=s4800-w1080,"South Indian Restaurant in Bengaluru — rated 4.3★ across 21,769 Google reviews","Meghana Foods - Koramangala, Bengaluru"
chin-lung-resto-bar-koramangala,"CHIN LUNG RESTO-BAR, KORAMANGALA",Bengaluru,Karnataka,"769, 80 Feet Rd, 4th Block, Koramangala, Bengaluru, Karnataka 560034, India",12.9318575,77.6320392,lively,high,couples|groups,temperate,false,half-day,2,Jan|Feb|Mar|Apr|May|Jun|Jul|Aug|Sep|Oct|Nov|Dec,0,,"Bar And Grill in Bengaluru — rated 4.2★ across 6,353 Google reviews","CHIN LUNG RESTO-BAR, KORAMANGALA, Bengaluru"
sunburn-union,Sunburn Union,Bengaluru,Karnataka,"passport office, Mantri Avenue, next to Koramangala, KHB Games Village, Koramangala, Bengaluru, Karnataka 560095, India",12.945165699999999,77.62013519999999,lively,medium,groups|couples,temperate,false,half-day,2,Jan|Feb|Mar|Apr|May|Jun|Jul|Aug|Sep|Oct|Nov|Dec,0,,"Night Club in Bengaluru — rated 4.1★ across 2,960 Google reviews","Sunburn Union, Bengaluru"
koramangala-social,Koramangala SOCIAL,Bengaluru,Karnataka,"Plot 118, Seventh Block, 80 Feet Rd, above Bodyworks Spa, KHB Colony, 7th Block, Koramangala, Bengaluru, Karnataka 560095, India",12.935563199999999,77.614179,lively,high,groups|couples,temperate,false,half-day,2,Jan|Feb|Mar|Apr|May|Jun|Jul|Aug|Sep|Oct|Nov|Dec,0,https://lh3.googleusercontent.com/places/ANXAkqG52qZWs-9uDVOHSOu-DLpOkwrP7tKIRARlHSXJtppPjBh3MX3636pJUW8F9B_SvnbXnyWphI_oajMo4YrOSBV2UatBy5PuY6c=s4800-w1200|https://lh3.googleusercontent.com/place-photos/AJRVUZPsqCfahNmPYnbBLXLvv6tqveSuCvk01nqZnpt2xUcCJYVLPx8I7E6YTounbRfVTzSi4aKDxeI0s9RlVH6UeV1Dil1OroPdafQZz7UAQ9U0isOouvBvONUyj6_AU3WQ5KZvFOtu3IZQepQZI3_4w7fx=s4800-w1200|https://lh3.googleusercontent.com/place-photos/AJRVUZO7EWkx_ij-oUCB35zxPekXIryj5wPqqKh6eqwQttPOw5uRL7H8iPHZ9ZhEWHkEhphz_GVBmGu2q9a-xEkx6yVKfVp4TmoWLNPdhjPCgToJOJYTt_ikN1Y_heA4BaiTdyRnnoXa7pfb5XXTHLzDsGR5YQ=s4800-w1200,"Bar in Bengaluru — rated 4.2★ across 25,837 Google reviews","Koramangala SOCIAL, Bengaluru"
boho-koramangala,BOHO Koramangala,Bengaluru,Karnataka,"105, 1st A cross Rd, KHB Colony, 5th Block, Koramangala, Bengaluru, Karnataka 560095, India",12.9344374,77.6159175,lively,high,groups|couples,temperate,false,half-day,2,Jan|Feb|Mar|Apr|May|Jun|Jul|Aug|Sep|Oct|Nov|Dec,0,,"Bar in Bengaluru — rated 4.1★ across 10,150 Google reviews","BOHO Koramangala, Bengaluru"
nagarjuna-restaurant-since-1984-koramangala,Nagarjuna Restaurant Since 1984 - Koramangala,Bengaluru,Karnataka,"138, 1st Cross Rd, KHB Colony, 5th Block, Koramangala, Bengaluru, Karnataka 560095, India",12.933745600000002,77.62121479999999,lively,high,couples|groups|family,temperate,false,half-day,2,Jan|Feb|Mar|Apr|May|Jun|Jul|Aug|Sep|Oct|Nov|Dec,0,https://lh3.googleusercontent.com/place-photos/AJRVUZP-5dbjvMhTYuRF2tA9vt2AUJDt3QQyflN7wEtoKxvZyOimEMk2DK51pKKw6SU9qTB1jfI3It-DZDWKpkexJt1oHK6gftk5C-IDmGJaXGNVFxkllFnDSxOibyv15CpDYXFR-zyWeUaZAoflyMoautaHWQ=s4800-w1200|https://lh3.googleusercontent.com/place-photos/AJRVUZOBrbE1J-KyJm9EcsM6NAkWS5rJmh1fLNSSaPKQ_0_fDtM2h8DHghVA9cfMxxCJ0ZcKYGPoLxtlNZ5puy-Q3uGJn3ct_9GRrvS7i-bbWKlinuUtlhY4t_JryNxzTpAkQrV8arbrOnb8wKFq_g=s4800-w1200|https://lh3.googleusercontent.com/place-photos/AJRVUZN_xZaSa3e5H-d4RnM1oESed8KhIBpRC6t_cF0osj2q_UCzmAeIT5pU2_uL9xVwjlkrWZknziPw9kMgbGEimbu2Cdv_CG3UPRgha6coPFb97wwbVk6uDRSfpuLynv4-xndf2IMg-MoE3ZHjZudVxbB2bQ=s4800-w1200,"South Indian Restaurant in Bengaluru — rated 4.2★ across 15,807 Google reviews","Nagarjuna Restaurant Since 1984 - Koramangala, Bengaluru"
bob-s-bar-koramangala,Bob's Bar - Koramangala,Bengaluru,Karnataka,"No 1,2,3,4 and 12, Ground Floor, Raheja Arcade, 7th Block, Koramangala, Bengaluru, Karnataka 560095, India",12.9344793,77.6130544,lively,high,groups|couples,temperate,false,half-day,2,Jan|Feb|Mar|Apr|May|Jun|Jul|Aug|Sep|Oct|Nov|Dec,0,,"Pub in Bengaluru — rated 4.2★ across 8,279 Google reviews","Bob's Bar - Koramangala, Bengaluru"
the-reservoire-koramangala,The Reservoire Koramangala,Bengaluru,Karnataka,"17th Main Rd, KHB Colony, 5th Block, Koramangala, Bengaluru, Karnataka 560095, India",12.9334087,77.62221760000001,lively,high,groups|couples,temperate,false,half-day,3,Jan|Feb|Mar|Apr|May|Jun|Jul|Aug|Sep|Oct|Nov|Dec,0,https://lh3.googleusercontent.com/places/ANXAkqEPaoi_1HphRmvx49tSJQlIn4eOxm1WBWbyazv2EIdrPgcWK6adyAwN0dFosphZVJACJ0fPIBLOYarXgcOjUjAZv5ig5p0B5pw=s4800-w1200|https://lh3.googleusercontent.com/places/ANXAkqElD3tpvpyuJKY76rxYbC1DLXEwGTKGnT3s3CihnrRFh7G4J6gkBQiKyG-99rJAH7loL_uHp7rpO52T3DGjJ56Nw-Q4ley2Rzk=s4800-w1200|https://lh3.googleusercontent.com/place-photos/AJRVUZPOrR1gj9jaOqX7agSqn3fpoundHalmD1JYjc-VPbVCZ2PlfbiiLGPyyDdHwRc3xFL2DgYgVCX0MeYGSGgk2acs-XVFNnTmvqQMhxu7AUgOdDHYC1marSQ_kS0kgL3iETrq3ti3vHJ9h6MUCGOqi-PCdQ=s4800-w1200,"Cocktail Bar in Bengaluru — rated 4.3★ across 15,404 Google reviews","The Reservoire Koramangala, Bengaluru"
magique,Magique,Bengaluru,Karnataka,"Plot No 36, 100 Feet Rd, opp. to Shilton Royale Hotel, Srinivagilu, Chandra Reddy Layout, S T Bed Layout, Koramangala, Bengaluru, Karnataka 560095, India",12.937676,77.62698619999999,lively,medium,groups|couples,temperate,false,half-day,2,Jan|Feb|Mar|Apr|May|Jun|Jul|Aug|Sep|Oct|Nov|Dec,0,,"Bar in Bengaluru — rated 3.8★ across 2,054 Google reviews","Magique, Bengaluru"
brooks-and-bonds-brewery,Brooks and Bonds Brewery,Bengaluru,Karnataka,"4, 100 Feet Rd, KHB Block Koramangala, 5th Block, Koramangala, Bengaluru, Karnataka 560095, India",12.9341636,77.6233573,lively,high,groups|couples,temperate,false,half-day,3,Jan|Feb|Mar|Apr|May|Jun|Jul|Aug|Sep|Oct|Nov|Dec,0,https://lh3.googleusercontent.com/places/ANXAkqGy_uk1RQcqq-rT2MqO-ry1Ni5hcAjmRYOqVG8rtJN-dh_61IF9XLY3CkV7VzEakHIoRHt6qbdEo7a5Cx8LPdXRAlfYHVSz_Xw=s4800-w1200|https://lh3.googleusercontent.com/places/ANXAkqGbp_c34ce11O8bRpKFwmUwIC-nh7iNgpbF8Ui01K5qvXo5LO0hU5BdWSlsRsBQ-D6164h5RHyGmCjgmiJHIBfInus2QRfbyVQ=s4800-w1200|https://lh3.googleusercontent.com/place-photos/AJRVUZNSd-Vaeo2yRbyk1bf_oAq4cFIxpK8wqT5u3VTcD1of9Ow8fCFYLOS-072Tfv9UESG7KHTVReM7tg6_Vba8LysIqP9aeUQJUr7z-H8vUW1IP_tR29fk41EbIyxkSpfqEG3KqJAmWSaeBujKc7gBQGV7=s4800-w960,"Brewpub in Bengaluru — rated 4.1★ across 11,489 Google reviews","Brooks and Bonds Brewery, Bengaluru"
koramangala-food-street,Koramangala Food Street,Bengaluru,Karnataka,"121-17, 1st Main Rd, KHB Colony, 5th Block, Koramangala, Bengaluru, Karnataka 560095, India",12.9352003,77.6156391,lively,low,couples|groups|family,temperate,false,half-day,2,Jan|Feb|Mar|Apr|May|Jun|Jul|Aug|Sep|Oct|Nov|Dec,0,,Restaurant in Bengaluru — rated 4.0★ across 654 Google reviews,"Koramangala Food Street, Bengaluru"
empire-restaurant-koramangala,Empire Restaurant Koramangala,Bengaluru,Karnataka,"Plot No, 103, 1st A cross Rd, near Jyoti Nivas College Road, KHB Colony, Industrial Area, 5th Block, Koramangala, Bengaluru, Karnataka 560095, India",12.934761499999999,77.6158641,lively,high,couples|groups|family,temperate,false,half-day,2,Jan|Feb|Mar|Apr|May|Jun|Jul|Aug|Sep|Oct|Nov|Dec,0,https://lh3.googleusercontent.com/place-photos/AJRVUZNud20GgEfHOyxJxr-PSV1lnWkrv2-flD_Mv4KbHV3q2WlEgvGbIs81J-F2Iz8sH8IkCNo42AWQYVf3hXBRlrGzhM-Gosu4NCB2Xrbs1P1N4YkWTxGNMpZliQbHM9iAYyCQ_7VvYxd-JonLbw=s4800-w1200|https://lh3.googleusercontent.com/places/ANXAkqEioYxcLGlPXN3hLKC-_tw0lCii2-lsK9TmdmnW_MxEa9QRmH-9z-mS9VD0Ep0EmTVfkY4wYNGcAm0pa1G07W3reKgdyXhdJaA=s4800-w450|https://lh3.googleusercontent.com/place-photos/AJRVUZNndRQTz3SXCFNegiXlmw41nhKbnS4hCAcBJmPqAT3XzFN10mIgjmfK-epCOTTzvGL3acX9G1JWBte5TFRbeYnXgbATUh06MO0cDlDv-yR11d0OlokxBRsq0jlxXVZsVAsMqgVce5uu9JbJ=s4800-w1200,"North Indian Restaurant in Bengaluru — rated 4.2★ across 33,667 Google reviews","Empire Restaurant Koramangala, Bengaluru"
bombay-adda,Bombay Adda,Bengaluru,Karnataka,"Building 5th floor, Z1 Construction, 6, 20th Main Rd, next to Sapna Book House, KHB Colony, 7th Block, Koramangala, Bengaluru, Karnataka 560085, India",12.936479,77.616384,lively,high,groups|couples,temperate,false,half-day,2,Jan|Feb|Mar|Apr|May|Jun|Jul|Aug|Sep|Oct|Nov|Dec,0,,"Lounge Bar in Bengaluru — rated 4.1★ across 8,194 Google reviews","Bombay Adda, Bengaluru"
casa-fresco-hsr-all-day-dining-café,"Casa Fresco, HSR: All-Day Dining & Café",Bengaluru,Karnataka,"73, 27th Main Rd, Phase 3, 1st Sector, HSR Layout, Bengaluru, Karnataka 560102, India",12.9207539,77.650514,lively,medium,couples|groups|family,temperate,false,half-day,2,Jan|Feb|Mar|Apr|May|Jun|Jul|Aug|Sep|Oct|Nov|Dec,13,,"Restaurant in Bengaluru — rated 4.2★ across 3,048 Google reviews","Casa Fresco, HSR: All-Day Dining & Café, Bengaluru"
irani-std-tea-irani-chai,Irani Std. Tea (Irani Chai),Bengaluru,Karnataka,"264 15th Cross Road, 19th Main Rd, Sector 4, HSR Layout, Bengaluru, Karnataka 560102, India",12.913762000000002,77.64429609999999,quiet|retro,medium,couples|solo|groups,temperate,false,few-hours,2,Jan|Feb|Mar|Apr|May|Jun|Jul|Aug|Sep|Oct|Nov|Dec,13,,"Tea House in Bengaluru — rated 3.9★ across 2,902 Google reviews","Irani Std. Tea (Irani Chai), Bengaluru"
mcdonald-s-yjnp4g,McDonald's,Bengaluru,Karnataka,"1, 14th Main Rd, 7th Sector, HSR Layout, Bengaluru, Karnataka 560102, India",12.9121069,77.6379062,lively,high,couples|groups|family,temperate,false,half-day,2,Jan|Feb|Mar|Apr|May|Jun|Jul|Aug|Sep|Oct|Nov|Dec,13,https://lh3.googleusercontent.com/place-photos/AJRVUZMPfyffwnfHE68dYNSQf2mKvj3MgmIDaf2-vxQRnZ7yaj4wtf7bq82EVYCNfbysf-Y0WCTMze89o9VfEfU6c8MiK3p4BdGvpz8C8w1E20dBbN0yLVQlR2IRL_y_axxkfIAkVjQbGrJUgMT7F_zAlotzCQ=s4800-w1080|https://lh3.googleusercontent.com/places/ANXAkqENxlbtMHZRUyJVD0Ot6HjsJh4d2Y0iEdgAFr9gJ5NM9MeHfpsm57nOmjO1DetFjOTX0uyTy9CpNj4naoxwEdkW88fzFYx1OVc=s4800-w675|https://lh3.googleusercontent.com/place-photos/AJRVUZMifHQVmc7CroxlEvk_3dkEkYSeDxFudF48-TK3sIP_FGtG9wd0dr8LHOZTbnScObpEdN-chLIbFdZKFbG6zNP4vkmIkkOjYrnkiALZHgljcNDDkEscGBv25msWNa3B2XPiAwCuV_dp2L4UHrc=s4800-w1200,"Fast Food Restaurant in Bengaluru — rated 4.1★ across 13,788 Google reviews","McDonald's, Bengaluru"
olive-street-food-cafe-hsr-layout,Olive Street Food Cafe - HSR LAYOUT,Bengaluru,Karnataka,"2727/1, 16th Cross, 27th Main Rd, PWD Quarters, 1st Sector, HSR Layout, Bengaluru, Karnataka 560102, India",12.912629899999999,77.65304270000001,lively,medium,couples|groups|family,temperate,false,half-day,2,Jan|Feb|Mar|Apr|May|Jun|Jul|Aug|Sep|Oct|Nov|Dec,15,,"Restaurant in Bengaluru — rated 4.5★ across 2,117 Google reviews","Olive Street Food Cafe - HSR LAYOUT, Bengaluru"
glen-s-bakehouse-hsr-layout,Glen's Bakehouse (HSR Layout),Bengaluru,Karnataka,"2337, SECTOR 1, HSR Layout 17th Cross, 24th Main Rd, Vanganahalli, 1st Sector, HSR Layout, Bengaluru, Karnataka 560102, India",12.9120508,77.6482099,quiet|retro,medium,couples|solo|groups,temperate,false,few-hours,2,Jan|Feb|Mar|Apr|May|Jun|Jul|Aug|Sep|Oct|Nov|Dec,14,,"Bakery in Bengaluru — rated 4.1★ across 2,511 Google reviews","Glen's Bakehouse (HSR Layout), Bengaluru"
third-wave-coffee-it77ta,Third Wave Coffee,Bengaluru,Karnataka,"249, 14th Main Rd, 7th Sector, HSR Layout, Bengaluru, Karnataka 560102, India",12.9099471,77.63785039999999,quiet|retro,medium,couples|solo|groups,temperate,false,few-hours,2,Jan|Feb|Mar|Apr|May|Jun|Jul|Aug|Sep|Oct|Nov|Dec,13,,"Cafe in Bengaluru — rated 4.3★ across 3,881 Google reviews","Third Wave Coffee, Bengaluru"
the-biere-club-hsr-layout,The Biere Club | HSR Layout,Bengaluru,Karnataka,"9, 17th Cross Rd, 7th Sector, HSR Layout, Bengaluru, Karnataka 560102, India",12.9122037,77.6368008,lively,low,groups|couples,temperate,false,half-day,3,Jan|Feb|Mar|Apr|May|Jun|Jul|Aug|Sep|Oct|Nov|Dec,13,,Brewpub in Bengaluru — rated 4.2★ across 286 Google reviews,"The Biere Club | HSR Layout, Bengaluru"
shell-petrol-pump-hsr-layout,Shell Petrol Pump HSR Layout,Bengaluru,Karnataka,"29a, 23rd Cross Rd, Sector 3, HSR Layout, Bengaluru, Karnataka 560102, India",12.909028999999999,77.644367,lively,low,couples|groups,temperate,false,half-day,2,Jan|Feb|Mar|Apr|May|Jun|Jul|Aug|Sep|Oct|Nov|Dec,14,,Gas Station in Bengaluru — rated 3.2★ across 169 Google reviews,"Shell Petrol Pump HSR Layout, Bengaluru"
beanlore-hsr-layout,Beanlore - HSR Layout,Bengaluru,Karnataka,"450, 17th Cross Rd, Sector 4, HSR Layout, Bengaluru, Karnataka 560102, India",12.9123126,77.6416021,quiet|retro,medium,couples|solo|groups,temperate,false,few-hours,2,Jan|Feb|Mar|Apr|May|Jun|Jul|Aug|Sep|Oct|Nov|Dec,13,,"Coffee Shop in Bengaluru — rated 4.2★ across 1,052 Google reviews","Beanlore - HSR Layout, Bengaluru"
amintiri-cafe-patisserie-gifting,Amintiri - Cafe | Patisserie | Gifting,Bengaluru,Karnataka,"85/1, Parangi Palaya, Sector 2, HSR Layout, Bengaluru, Karnataka 560102, India",12.911859699999999,77.6448006,quiet|retro,low,couples|solo|groups,temperate,false,few-hours,2,Jan|Feb|Mar|Apr|May|Jun|Jul|Aug|Sep|Oct|Nov|Dec,14,,Cafe in Bengaluru — rated 4.5★ across 834 Google reviews,"Amintiri - Cafe | Patisserie | Gifting, Bengaluru"
iris-cafe-hsr,Iris Cafe HSR,Bengaluru,Karnataka,"17/J, 18th Cross Rd, Sector 3, HSR Layout, Bengaluru, Karnataka 560102, India",12.9117913,77.6428146,quiet|retro,medium,couples|solo|groups,temperate,false,few-hours,2,Jan|Feb|Mar|Apr|May|Jun|Jul|Aug|Sep|Oct|Nov|Dec,14,,"Cafe in Bengaluru — rated 4.2★ across 3,180 Google reviews","Iris Cafe HSR, Bengaluru"
teatings,Teatings,Bengaluru,Karnataka,"Ground Floor, 152, 9th Main Rd, opp. to HSR High Street, 6th Sector, HSR Layout, Bengaluru, Karnataka 560102, India",12.9129181,77.6354114,quiet|retro,medium,couples|solo|groups,temperate,false,few-hours,2,Jan|Feb|Mar|Apr|May|Jun|Jul|Aug|Sep|Oct|Nov|Dec,0,,"Cafe in Bengaluru — rated 4.6★ across 1,333 Google reviews","Teatings, Bengaluru"
starbucks-lz0dlw,Starbucks,Bengaluru,Karnataka,"Ground Floor, Prakash Arcade 17th Cross, 24th Main Rd, 1st Sector, HSR Layout, Bengaluru, Karnataka 560102, India",12.9121583,77.6507972,quiet|retro,medium,couples|solo|groups,temperate,false,few-hours,2,Jan|Feb|Mar|Apr|May|Jun|Jul|Aug|Sep|Oct|Nov|Dec,14,,"Coffee Shop in Bengaluru — rated 4.3★ across 1,746 Google reviews","Starbucks, Bengaluru"
blue-tokai-coffee-roasters-hsr-layout,Blue Tokai Coffee Roasters | HSR Layout,Bengaluru,Karnataka,"Ground Floor, NO.-780, 19th Main Rd, 1st Sector, HSR Layout, Bengaluru, Karnataka 560102, India",12.912798700000002,77.64481119999999,quiet|retro,low,couples|solo|groups,temperate,false,few-hours,2,Jan|Feb|Mar|Apr|May|Jun|Jul|Aug|Sep|Oct|Nov|Dec,14,,Cafe in Bengaluru — rated 4.2★ across 889 Google reviews,"Blue Tokai Coffee Roasters | HSR Layout, Bengaluru"
mixnosh-art-cafe-hsr,"MixNosh | Art Cafe, HSR",Bengaluru,Karnataka,"Ground Floor, Building 1919, 21st Main road, 25th Cross Rd, Garden Layout, Sector 2, HSR Layout, Bengaluru, Karnataka 560102, India",12.9075026,77.6455974,quiet|retro,medium,couples|solo|groups,temperate,false,few-hours,2,Jan|Feb|Mar|Apr|May|Jun|Jul|Aug|Sep|Oct|Nov|Dec,15,,"Cafe in Bengaluru — rated 4.8★ across 1,659 Google reviews","MixNosh | Art Cafe, HSR, Bengaluru"
third-wave-coffee--hoifm,Third Wave Coffee,Bengaluru,Karnataka,"17th Cross Rd, PWD Quarters, 1st Sector, HSR Layout, Bengaluru, Karnataka 560102, India",12.9117774,77.6502136,quiet|retro,medium,couples|solo|groups,temperate,false,few-hours,2,Jan|Feb|Mar|Apr|May|Jun|Jul|Aug|Sep|Oct|Nov|Dec,14,,"Cafe in Bengaluru — rated 4.4★ across 1,805 Google reviews","Third Wave Coffee, Bengaluru"
nivys-resto-cafe-garden-centre,Nivys Resto Cafe & Garden Centre,Haralur,Karnataka,"SY No. 98/1, 98/4, Haralur Main Rd, opposite to PNR Felicity / Reliance / Cinephile Birla Circle, HSR Extension, Lakedew Residency, HSR Layout, Bengaluru, Haralur, Karnataka 560102, India",12.89592,77.6582736,lively,medium,couples|groups|family,temperate,false,half-day,2,Jan|Feb|Mar|Apr|May|Jun|Jul|Aug|Sep|Oct|Nov|Dec,18,,"Restaurant in Haralur — rated 4.6★ across 3,616 Google reviews","Nivys Resto Cafe & Garden Centre, Haralur"
chai-sutta-bar-hsr-bangalore,Chai Sutta Bar HSR Bangalore,Bengaluru,Karnataka,"119/543, 7th Cross, 24th Main Rd, Agara Village, 1st Sector, HSR Layout, Bengaluru, Karnataka 560102, India",12.9196894,77.6498507,quiet|retro,low,couples|solo|groups,temperate,false,few-hours,2,Jan|Feb|Mar|Apr|May|Jun|Jul|Aug|Sep|Oct|Nov|Dec,13,,Cafe in Bengaluru — rated 3.9★ across 506 Google reviews,"Chai Sutta Bar HSR Bangalore, Bengaluru"
mara-coffee-roasters,Mara Coffee & Roasters,Bengaluru,Karnataka,"1073, 24th A Cross Rd, Garden Layout, Sector 2, HSR Layout, Bengaluru, Karnataka 560102, India",12.9078628,77.6476043,quiet|retro,low,couples|solo|groups,temperate,false,few-hours,2,Jan|Feb|Mar|Apr|May|Jun|Jul|Aug|Sep|Oct|Nov|Dec,15,,Cafe in Bengaluru — rated 4.4★ across 342 Google reviews,"Mara Coffee & Roasters, Bengaluru"
le-kene,LE KENE,Bengaluru,Karnataka,"174/A, 19th Main Rd, Sector 4, HSR Layout, Bengaluru, Karnataka 560102, India",12.9157344,77.64453519999999,quiet|retro,low,couples|groups,temperate,false,few-hours,2,Jan|Feb|Mar|Apr|May|Jun|Jul|Aug|Sep|Oct|Nov|Dec,13,,Pastry Shop in Bengaluru — rated 4.4★ across 749 Google reviews,"LE KENE, Bengaluru"
kaavu,Kaavu,Bengaluru,Karnataka,"Pattandur Agrahara Village Main Rd, Siddapura, Brookefield, Bengaluru, Karnataka 560066, India",12.9613152,77.73248389999999,lively,medium,couples|groups|family,temperate,false,half-day,2,Jan|Feb|Mar|Apr|May|Jun|Jul|Aug|Sep|Oct|Nov|Dec,24,,"Restaurant in Bengaluru — rated 4.3★ across 3,325 Google reviews","Kaavu, Bengaluru"
the-den-bengaluru,The Den Bengaluru,Bengaluru,Karnataka,"ITPL Main Rd, KIADB Export Promotion Industrial Area, Whitefield, Bengaluru, Karnataka 560066, India",12.9876819,77.7333398,scenic|quiet,high,couples|family|groups,temperate,true,half-day,3,Jan|Feb|Mar|Apr|May|Jun|Jul|Aug|Sep|Oct|Nov|Dec,25,https://lh3.googleusercontent.com/places/ANXAkqFQzcwWy0cABElRmUsmBRix4TSBxKGhsus2G2WUzNPuskCwyX48hienZtgdNIPh_Bd0tsHZsIk1dkIZtPMfepkvnoAJzoTNtBI=s4800-w1200|https://lh3.googleusercontent.com/places/ANXAkqE_gzwraZXQomgM0RicfFUAXsq-chNdAEV1CpjaU9R9jdcVrPDW0sLXEXiwt6ruH-Kium4NRuWALGbmzNIzGOy9Rq70CXEnCTc=s4800-w1200|https://lh3.googleusercontent.com/places/ANXAkqFSJc7qRNhzKmiSWFyAw4mdt8MKSYGWhAuOcNnJC8KClSvxOaTCHs6WBz8QpqNAbs3VjU2AofKPHITuegpwaOFlXQcg0sGYw2k=s4800-w1200,"Hotel in Bengaluru — rated 4.5★ across 10,303 Google reviews","The Den Bengaluru, Bengaluru"
jollygunj-whitefield,Jollygunj - Whitefield,Bengaluru,Karnataka,"167, Whitefield Main Rd, Palm Meadows, Whitefield, Bengaluru, Karnataka 560066, India",12.966615599999999,77.7487723,lively,medium,groups|couples,temperate,false,half-day,2,Jan|Feb|Mar|Apr|May|Jun|Jul|Aug|Sep|Oct|Nov|Dec,27,,"Bar in Bengaluru — rated 4.3★ across 1,906 Google reviews","Jollygunj - Whitefield, Bengaluru"
153-biere-street-best-microbrewery-in-whitefield,153 Biere Street | Best Microbrewery in Whitefield,Bengaluru,Karnataka,"XP5X+JR6 Biere Street, 153/1, Hagadur Main Rd, Brooke Bond First Cross, Prestige Ozone, Whitefield, Bengaluru, Karnataka 560066, India",12.9632892,77.75096289999999,lively,medium,groups|couples,temperate,false,half-day,3,Jan|Feb|Mar|Apr|May|Jun|Jul|Aug|Sep|Oct|Nov|Dec,28,,"Brewpub in Bengaluru — rated 4.2★ across 2,258 Google reviews","153 Biere Street | Best Microbrewery in Whitefield, Bengaluru"
oakwood-residence-whitefield-bangalore,Oakwood Residence Whitefield Bangalore,Bengaluru,Karnataka,"Nexus Whitefield Mall, 62, Whitefield Main Rd, Prestige Ozone, Whitefield, Bengaluru, Karnataka 560066, India",12.9604314,77.7477578,scenic|quiet,medium,couples|family|groups,temperate,true,half-day,3,Jan|Feb|Mar|Apr|May|Jun|Jul|Aug|Sep|Oct|Nov|Dec,27,,"Hotel in Bengaluru — rated 4.6★ across 1,901 Google reviews","Oakwood Residence Whitefield Bangalore, Bengaluru"
hard-rock-cafe-whitefield,Hard Rock Cafe Whitefield,Bengaluru,Karnataka,"40, ITPL Main Rd Unit no.G, Ground Floor, 25 & 26, Pattandur Agrahara, Whitefield, Bengaluru, Karnataka 560066, India",12.987126,77.7364814,lively,high,couples|groups|family,temperate,false,half-day,2,Jan|Feb|Mar|Apr|May|Jun|Jul|Aug|Sep|Oct|Nov|Dec,25,,"American Restaurant in Bengaluru — rated 4.5★ across 6,019 Google reviews","Hard Rock Cafe Whitefield, Bengaluru"
dock-66,Dock 66,Bengaluru,Karnataka,"LITBOX, G-21, Sy. No. 36/2 and 36/3,, Kundanahalli Village, Doddanakundi Post, EPIP Zone, Whitefield, Bengaluru, Karnataka 560066, India",12.970975399999999,77.7251599,lively,medium,groups|couples,temperate,false,half-day,2,Jan|Feb|Mar|Apr|May|Jun|Jul|Aug|Sep|Oct|Nov|Dec,23,,"Gastropub in Bengaluru — rated 4.5★ across 3,346 Google reviews","Dock 66, Bengaluru"
pasta-street-itpl-main-rd-whitefield,"Pasta Street - ITPL Main Rd, Whitefield",Bengaluru,Karnataka,"222/220/A, ITPL Main Rd, opp. PRESTIGE SHANTINIKETAN, KIADB Export Promotion Industrial Area, Whitefield, Bengaluru, Karnataka 560048, India",12.988307599999999,77.73017639999999,lively,medium,couples|groups|family,temperate,false,half-day,2,Jan|Feb|Mar|Apr|May|Jun|Jul|Aug|Sep|Oct|Nov|Dec,24,,"Italian Restaurant in Bengaluru — rated 4.4★ across 3,872 Google reviews","Pasta Street - ITPL Main Rd, Whitefield, Bengaluru"
the-diner-restobar,The Diner Restobar,Bengaluru,Karnataka,"107/4, Pattandur Agrahara Village Main Rd, Pattandur Agrahara, Whitefield, Bengaluru, Karnataka 560066, India",12.9842923,77.7334466,lively,medium,groups|couples,temperate,false,half-day,2,Jan|Feb|Mar|Apr|May|Jun|Jul|Aug|Sep|Oct|Nov|Dec,25,,"Pub in Bengaluru — rated 4.4★ across 2,411 Google reviews","The Diner Restobar, Bengaluru"
habba-kadal-kashmiri-heritage-hub-restaurant,Habba Kadal Kashmiri Heritage Hub & Restaurant,Bengaluru,Karnataka,"326, Inner Cir Rd, Dodsworth Layout, Whitefield, Bengaluru, Karnataka 560066, India",12.971973799999999,77.74932749999999,lively,medium,couples|groups|family,temperate,false,half-day,2,Jan|Feb|Mar|Apr|May|Jun|Jul|Aug|Sep|Oct|Nov|Dec,27,,"North Indian Restaurant in Bengaluru — rated 4.4★ across 1,495 Google reviews","Habba Kadal Kashmiri Heritage Hub & Restaurant, Bengaluru"
bengaluru-umbaa-2-0-pub-kitchen,Bengaluru Umbaa 2.0 Pub & Kitchen,Bengaluru,Karnataka,"Channasandra Main Road, Whitefield, Ambedkar Nagar, Kadugodi, Bengaluru, Karnataka 560066, India",12.983399299999999,77.7528918,lively,medium,groups|couples,temperate,false,half-day,2,Jan|Feb|Mar|Apr|May|Jun|Jul|Aug|Sep|Oct|Nov|Dec,28,,"Pub in Bengaluru — rated 4.2★ across 1,477 Google reviews","Bengaluru Umbaa 2.0 Pub & Kitchen, Bengaluru"
amoeba-sports-bar,Amoeba Sports Bar,Bengaluru,Karnataka,"ITPL Main Rd, Pattandur Agrahara, Whitefield, Bengaluru, Karnataka 560066, India",12.987144299999999,77.7366557,lively,medium,groups|couples,temperate,false,half-day,2,Jan|Feb|Mar|Apr|May|Jun|Jul|Aug|Sep|Oct|Nov|Dec,25,,"Sports Bar in Bengaluru — rated 4.3★ across 3,484 Google reviews","Amoeba Sports Bar, Bengaluru"
celeb-s-rooftop-pub-and-kitchen-whitefield,Celeb's Rooftop Pub and Kitchen - Whitefield,Bengaluru,Karnataka,"Siddhapura Main Rd, above Chowki Multi Cuisine Bar and Kitchen, Nallurhalli, Whitefield, Bengaluru, Karnataka 560066, India",12.9688285,77.7354119,lively,medium,groups|couples,temperate,false,half-day,2,Jan|Feb|Mar|Apr|May|Jun|Jul|Aug|Sep|Oct|Nov|Dec,25,,"Pub in Bengaluru — rated 4.4★ across 1,006 Google reviews","Celeb's Rooftop Pub and Kitchen - Whitefield, Bengaluru"
marigold-restaurant-bar-pub,Marigold Restaurant Bar & Pub,Bengaluru,Karnataka,"Nallurahalli Main Rd, Nallurhalli, Whitefield, Bengaluru, Karnataka 560066, India",12.9696696,77.7356046,lively,medium,couples|groups|family,temperate,false,half-day,2,Jan|Feb|Mar|Apr|May|Jun|Jul|Aug|Sep|Oct|Nov|Dec,25,,"Restaurant in Bengaluru — rated 4.1★ across 2,992 Google reviews","Marigold Restaurant Bar & Pub, Bengaluru"
closed,Closed,Bengaluru,Karnataka,"Shop -20A Floor -1, Ascendas Park square Mall, Whitefield Main Rd, Prasanth Extension, Kadugodi, Bengaluru, Karnataka 560066, India",12.9871459,77.73659640000001,lively,low,couples|groups|family,temperate,false,half-day,2,Jan|Feb|Mar|Apr|May|Jun|Jul|Aug|Sep|Oct|Nov|Dec,25,,Restaurant in Bengaluru — rated 4.4★ across 716 Google reviews,"Closed, Bengaluru"
yuki-cocktail-bar-and-kitchen-whitefield,Yuki - Cocktail Bar and Kitchen | Whitefield,Bengaluru,Karnataka,"Unit No. 3, Second Floor Tower B, PrimeCo Union City, Whitefield Sadaramangala Industrial Area, SY No 76 & 87, Krishnarajapura, hobli, Sadara Mangala Industrial Area, Thigalarapalya, Whitefield, Bengaluru, Karnataka 560048, India",12.9890086,77.7330724,lively,low,groups|couples,temperate,false,half-day,3,Jan|Feb|Mar|Apr|May|Jun|Jul|Aug|Sep|Oct|Nov|Dec,25,,Cocktail Bar in Bengaluru — rated 4.6★ across 595 Google reviews,"Yuki - Cocktail Bar and Kitchen | Whitefield, Bengaluru"
4-friends-pub-bar-and-kitchen,"4 Friends Pub, Bar and Kitchen",Bengaluru,Karnataka,"6/2, 1st Floor, Whitefield Main Rd, opposite Bank Of Baroda, Whitefield, Bengaluru, Karnataka 560066, India",12.9679676,77.7497727,lively,low,groups|couples,temperate,false,half-day,2,Jan|Feb|Mar|Apr|May|Jun|Jul|Aug|Sep|Oct|Nov|Dec,28,,Pub in Bengaluru — rated 4.1★ across 756 Google reviews,"4 Friends Pub, Bar and Kitchen, Bengaluru"
mrp-outlet,MRP Outlet,Bengaluru,Karnataka,"Whitefield, Bengaluru, Karnataka 560066, India",12.967953399999999,77.7497618,lively,low,groups|couples,temperate,false,half-day,2,Jan|Feb|Mar|Apr|May|Jun|Jul|Aug|Sep|Oct|Nov|Dec,28,,Bar in Bengaluru — rated 4.1★ across 59 Google reviews,"MRP Outlet, Bengaluru"
layla-an-indian-terranean-love-story,Layla – An Indian -Terranean Love Story,Bengaluru,Karnataka,"ITPL Main Rd, KIADB Export Promotion Industrial Area, Whitefield, Bengaluru, Karnataka 560066, India",12.987413799999999,77.7333258,lively,low,couples|groups|family,temperate,false,half-day,2,Jan|Feb|Mar|Apr|May|Jun|Jul|Aug|Sep|Oct|Nov|Dec,25,,Mediterranean Restaurant in Bengaluru — rated 4.0★ across 685 Google reviews,"Layla – An Indian -Terranean Love Story, Bengaluru"
mahalakshmi-liquor-shop,MAHALAKSHMI LIQUOR SHOP,Bengaluru,Karnataka,"Immadihalli Main Rd, Nagondanahalli, Whitefield, Bengaluru, Karnataka 560066, India",12.9693445,77.7658173,lively,low,couples|groups,temperate,false,half-day,2,Jan|Feb|Mar|Apr|May|Jun|Jul|Aug|Sep|Oct|Nov|Dec,30,,Liquor Store in Bengaluru — rated 3.9★ across 170 Google reviews,"MAHALAKSHMI LIQUOR SHOP, Bengaluru"
lalbagh-botanical-garden,Lalbagh Botanical Garden,Bengaluru,Karnataka,"Mavalli, Bengaluru, Karnataka 560004, India",12.949415799999999,77.58468049999999,scenic|quiet,high,family|couples|solo,temperate,false,full-day,2,Jan|Feb|Mar|Apr|May|Jun|Jul|Aug|Sep|Oct|Nov|Dec,0,https://lh3.googleusercontent.com/place-photos/AJRVUZP1HbkquCjoCqSymKppbonkzqpIAewN7MBipXkbGYz66tcqwLZrmrK-gOxQmWu5VzgyaT622EnmRDQ1AkX9_ytU-kMDLAK9pwkKCl-RkA6sJyP3mHXS0ED24mNLUTRRVGH-FBiJTTD6e4_-ceVJS_Py8g=s4800-w676|https://lh3.googleusercontent.com/place-photos/AJRVUZNH55K4djeMhLfwyA7R0-tu1UZC2Q5G5JEnE0j3k29OJgbOrvWw9e7oQsnH0MVHkdYdoydqsA2PfFR71PEWQjN4mmV6qnjU8RD_kDzomRXObeHYPBKJi8h18r1_AeEMOv2FDRscqs27_PRJHeFmGxq6=s4800-w1079|https://lh3.googleusercontent.com/place-photos/AJRVUZMkHIiqyqnf7M1U3nGRlEVEqDSa_iC9Oi2v9JG8l7Uzhn5nnKOa1xpXprYpHBIegGzjlQPs5FnmrF-Amy6ahe6JkqTMb0EonzGrl735m16cg_v1TA7tMJkI_QA_OxOC3AUIZ9iXCLUPpRyim_o9G1Ak=s4800-w1079,"Botanical Garden in Bengaluru — rated 4.4★ across 175,345 Google reviews","Lalbagh Botanical Garden, Bengaluru"
sri-chamarajendra-park,Sri Chamarajendra Park,Bengaluru,Karnataka,"Nunegundlapalli, Ambedkar Veedhi, Bengaluru, Karnataka 560001, India",12.9752487,77.5928871,scenic|quiet,high,family|couples|solo,temperate,false,full-day,2,Jan|Feb|Mar|Apr|May|Jun|Jul|Aug|Sep|Oct|Nov|Dec,0,https://lh3.googleusercontent.com/place-photos/AJRVUZPGPosfE7oqbmPRvx6HOluPeaUrxNvvsGvzvQfYrd9qJdQC0PwZ_Y1c2rcd44i5IvTrEhalxO6G9-ZxaObVF2LttR90UwtEUjQIDfCE1fDnedwum1leYdb7mboa9OHYN6qcUVvZh9Dmk252dQ=s4800-w1080|https://lh3.googleusercontent.com/place-photos/AJRVUZM8L8CxPa6zK45-lu1F5TgCiroJ2frqJdjaGZ-sjZPQBa-xGdA-Tr-vd-w6dsfAWi-_q9ZJIXlPNwRurFhSN6uD3n44kmYqv2dPKLgrSDBIQjQxDhWvsm3nHUx1KM8aNy_lkY7zhbGHmZtDgg=s4800-w1200|https://lh3.googleusercontent.com/place-photos/AJRVUZOKdwSXdFzcxI9UI9XLYe3r3g-oE4YYEjo0UZGpF4cj2wUOv5ui8kJ71eYeX8kujhY7gmRa6dqTfVGsIj0fqSGlvZgUdyw0qmsUeO6BlRf7iiwUFYbiToo_oODMSTImBtEdYBef-uSkffNFVLw=s4800-w1200,"Park in Bengaluru — rated 4.4★ across 142,771 Google reviews","Sri Chamarajendra Park, Bengaluru"
bengaluru-palace,Bengaluru Palace,Bengaluru,Karnataka,"Bengaluru, Karnataka, India",13.0035068,77.5890953,retro|quiet,high,family|couples|groups,temperate,false,full-day,2,Jan|Feb|Mar|Apr|May|Jun|Jul|Aug|Sep|Oct|Nov|Dec,0,https://lh3.googleusercontent.com/place-photos/AJRVUZPaL5XwNZIfIevavabY_OqTI6N6qsrf8sJMBiquItTFXratbususO96oVEK8S3vaeUiRBBVNSeo1VzlJ6tuZd8LyIhLYqN0XihsNIwLfyzNIczuDu8amSlJ1JVOF6b1DVRNw-e5xIvL0lxlJH7svvCaSQ=s4800-w720|https://lh3.googleusercontent.com/place-photos/AJRVUZMXqca7G3z274UNzIqDdpx_IWYyb3tqsu3ED5H8LWFqtrAcnnAyOzfpnH_I2i1S3uuCe_1cUPAAJXbG0cc4wFHyodrO84ClLklV7VrUUIoU-J_39n0ulo6OopDPVvNs3WTenymwKpYVl6gY6MdLCTLiOA=s4800-w1200|https://lh3.googleusercontent.com/place-photos/AJRVUZOxKhlyfBrxuGTkIb0De_lebHT4RnT8C6bR-qjHGIW-iDxuMbDE1KYnA8rZnyknUOv3YPtvXmRVctxRhYGlV2t1ftJN5K5Xs9uDAHccfkqMLUOel-rg9TUY7pkFdT8XNyHApWK4-rIxhSsgHpn_vFSV=s4800-w720,"Museum in Bengaluru — rated 4.2★ across 98,985 Google reviews","Bengaluru Palace, Bengaluru"
visvesvaraya-industrial-technological-museum,Visvesvaraya Industrial & Technological Museum,Bengaluru,Karnataka,"5216, Kasturba Rd, near Chinna Swamy Stadium, Ambedkar Veedhi, Bengaluru, Karnataka 5, India",12.9751593,77.59641979999999,retro|quiet,high,family|couples|groups,temperate,false,full-day,2,Jan|Feb|Mar|Apr|May|Jun|Jul|Aug|Sep|Oct|Nov|Dec,0,https://lh3.googleusercontent.com/place-photos/AJRVUZOTShE0P_BLvg10c9SSH-PF82oWg2yxh1Wqzd7htaRy3O9KW4y6nFgt-RuPV3kjnvJUoFCmORxICrZV2CNQX8ggkbtioIHKoyXqpy07jGhxitoavUFmvJ5ByJT7J4WmOwQZ3Nna5rvBHQHV=s4800-w1200|https://lh3.googleusercontent.com/place-photos/AJRVUZPNLp5pXptevZ0c_lEbnPq_JazRAAId82FxAmcWOlsfgTtv3GeFTY1D2y-O2-sD858JpPWDyalyWMKKv55IzqbRPKrGcmPBxJaVxklhHL21pMPg8DmjDZ1eyA_mnPerrIh56RiDvnaMyHoNB5A=s4800-w1200|https://lh3.googleusercontent.com/place-photos/AJRVUZM_ebrlgFBtEtitrEI0UTMButQfpn0Ips_ADiKHpdXrQyB-_rpDsgJuQh-AVy4EbdBvIly2b2R1iso731HXFeIRa_ZaonuJmMek1V-PeJsRFYG6iCpTrRPpWldefhvOWir_7GWUxRVJbKKctjQ=s4800-w1080,"Museum in Bengaluru — rated 4.6★ across 16,545 Google reviews","Visvesvaraya Industrial & Technological Museum, Bengaluru"
fun-world-amusement-park,Fun World Amusement Park,Bengaluru,Karnataka,"Palace Grounds, Jayamahal Main Rd, opposite TV Tower, J.C.Nagar, Bengaluru, Karnataka 560006, India",13.0069448,77.5920976,lively,high,family|couples|groups,temperate,false,full-day,2,Jan|Feb|Mar|Apr|May|Jun|Jul|Aug|Sep|Oct|Nov|Dec,0,https://lh3.googleusercontent.com/place-photos/AJRVUZOjKZDeBK6cOkphhLPrr72jrIUuTccWGBgJRukUsWTFWlHoJ41jfbxUpwu96wv2q6erDDa5fcMZD0G16KLtI9a_WR21H8b6kOnlDenHi63TrWbcDi7kiLp7YMrpj_OKUhdS2QGCyj1RuB4aumE86eZROw=s4800-w1080|https://lh3.googleusercontent.com/place-photos/AJRVUZP_2ru5CW0G1Q-I3eWIMjWkFqLxhaWoO7LTv_aXQhJB21lHvQnWaP6Arhif5x05fu1Y6plq0z-Uar1uJmpC4cVfX-GTF-IP4f66TtSC5qyizDME7_rvtX5uIA7SZTK_F0mq0tazVjIkD_QbG4M=s4800-w674|https://lh3.googleusercontent.com/place-photos/AJRVUZPgxt1Njx20_q1RLuXPDyUFe2taBq_fET4ScuZkqwFbM9PHygSdtrFDrsIkIl06GWlKpWQ6zABeawLYBxbADtUeCmgxfIC99-0x1-b6CKBO09x77TfTsnh725X9LaGx4U7qahbdMilA3daYZGI=s4800-w1200,"Amusement Park in Bengaluru — rated 4.1★ across 13,343 Google reviews","Fun World Amusement Park, Bengaluru"
tipu-sultan-s-summer-palace,Tipu Sultan's Summer Palace,Bengaluru,Karnataka,"42, Tippu Sultan Palace Rd, Kamalanagar, Chamrajpet, Bengaluru, Karnataka 560018, India",12.9593513,77.5736415,scenic|retro,high,family|couples|groups,temperate,false,full-day,2,Jan|Feb|Mar|Apr|May|Jun|Jul|Aug|Sep|Oct|Nov|Dec,0,https://lh3.googleusercontent.com/place-photos/AJRVUZNnDbMffImJjuz4YXV1kTkQvh7Sq5oV_o_RAnuLniSg6l4OsfykL2gNdBAcQ7MUyo7AoKzbfUkPKhXup-cHI44duKXoeorUaHQQjVAcKtFHcq-gMkELYekkhQlkyW8W1aabTxRQ5sgvlVEfJDw=s4800-w1200|https://lh3.googleusercontent.com/place-photos/AJRVUZN0DCCqb3nKkh4OdV9NX04DPIZUQzaqcWLW_VBqAXcfCNT3RtcbPkki5H1Q15wXJaAanXeN4R0VUAe0Gmebk1hUI18lq0nwTJpp1gn6n5b8aXV-bJWBcWv5YhkuBcmuHyeqwlA2An5kqIOy0A=s4800-w1200|https://lh3.googleusercontent.com/place-photos/AJRVUZP9TV1WygRTgTfbOcEvJcqwSOof9MqkcSB0uSBw8TQdlXNICPz9jOydOLUbP2B7zxtS3Bp1pvfF2xg7YXo3kakRwfSA113ilC58lFcDxIjCq6Cqr0dCoD1fT5gWn4A6IhtAWeuAxWlnZ_Zul76e3dU9Bw=s4800-w831,"Historical Place in Bengaluru — rated 3.9★ across 32,052 Google reviews","Tipu Sultan's Summer Palace, Bengaluru"
snow-city-bengaluru,Snow City Bengaluru,Bengaluru,Karnataka,"Fun World Complex, 1st floor, Snow city, Jayamahal Main Rd, opposite TV Tower, J.C.Nagar, Bengaluru, Karnataka 560006, India",13.0057596,77.59206089999999,lively,high,couples|groups,temperate,false,half-day,2,Jan|Feb|Mar|Apr|May|Jun|Jul|Aug|Sep|Oct|Nov|Dec,0,https://lh3.googleusercontent.com/places/ANXAkqE5pDU5qenjxrHf3m9Sne9P-X7G5xTpluH_h4UPTQCjJeUapbRMjgyuhyL2Oo0teNMMR6MUE-yBQXU5uMRyzGr6vgSsYJYnuwQ=s4800-w1200|https://lh3.googleusercontent.com/place-photos/AJRVUZMP22B5_yulZAW1PWPylIJVW_to6tCYMWh-REdpSy3EoZc_BV-aD-e6f1L0-B0OGEiyfOKWZDMm21grWSk-ZL4Up8KJf2teqXcNFWEXjEZPqhmvR7OKDSmSy7d_kBh2Z5XzQ9fg3uYMlakaZw=s4800-w1200|https://lh3.googleusercontent.com/place-photos/AJRVUZNHgp-cjxyx2EMO2S6V-d0vNWYhA01n2FcDC86r7zAXXvZm_ODIn2_4rAH45bxssFTRfJbJvTSrgly5M8TVdchx93Yp9818CF3xVRIGxEV4rp4bOc1iLkXnUdq6L4X_z521d1V-uJoJCrsZNQ=s4800-w1200,"Place in Bengaluru — rated 4.1★ across 22,274 Google reviews","Snow City Bengaluru, Bengaluru"
jawaharlal-nehru-planetarium,Jawaharlal Nehru Planetarium,Bengaluru,Karnataka,"Sri T, Sankey Rd, High Grounds, Bengaluru, Karnataka 560001, India",12.984866499999999,77.5896341,lively,high,family|couples|groups,temperate,false,full-day,2,Jan|Feb|Mar|Apr|May|Jun|Jul|Aug|Sep|Oct|Nov|Dec,0,,"Planetarium in Bengaluru — rated 4.4★ across 5,300 Google reviews","Jawaharlal Nehru Planetarium, Bengaluru"
namma-bengaluru-aquarium,Namma Bengaluru Aquarium,Bengaluru,Karnataka,"Kasturba Rd, Shanthala Nagar, Bengaluru, Karnataka 560001, India",12.976514799999999,77.5985397,lively,high,family|couples|groups,temperate,false,full-day,2,Jan|Feb|Mar|Apr|May|Jun|Jul|Aug|Sep|Oct|Nov|Dec,0,,"Aquarium in Bengaluru — rated 3.9★ across 9,827 Google reviews","Namma Bengaluru Aquarium, Bengaluru"
freedom-park,Freedom Park,Bengaluru,Karnataka,"Seshadri Rd, Gandhi Nagar, Bengaluru, Karnataka 560009, India",12.9779159,77.58218839999999,scenic|quiet,high,family|couples|solo,temperate,false,full-day,2,Jan|Feb|Mar|Apr|May|Jun|Jul|Aug|Sep|Oct|Nov|Dec,0,https://lh3.googleusercontent.com/place-photos/AJRVUZOOXNOgRdjuimHHyeiac9UjeP2iDpXd7nFSo9N-AY3MhdzeMVH0U1IS29LuzptAnYoQQqdhKiQTR1bcwXZnRgOt7tu61cqUbtmLNGzMxl24BjCVanooQ49ylAJLiAjVqH4Woezq1ajY67Px=s4800-w720|https://lh3.googleusercontent.com/place-photos/AJRVUZNekOzIi9ZYQuMYuBHMrU2DGKYqzhzC5LgMfkM1ejzymQBswFpK2-2hllp6zG3BBGcb52zi0PvNgsfB-3cXdvYXG8T15DWj7vtZ2AM1ArXgRZpv24IcFYYaqOONxhm7bfUBUED2dHPPzAEpmQ=s4800-w1080|https://lh3.googleusercontent.com/place-photos/AJRVUZPe4oj9rDY_VY0VlYX0YAkXiPcsZEpk4cCGXTriX9qrVynaHdw9wLlZlBLr-X7LejBNWTOYtvTCdFH0XE0pYu911cqH7JNM2sjwAGBV-GKVD91cyjHKn0miY4NHDI_bqALxz1THBAiibY9CHQ=s4800-w1200,"Park in Bengaluru — rated 4.2★ across 19,922 Google reviews","Freedom Park, Bengaluru"
karnataka-chitrakala-parishath,Karnataka Chitrakala Parishath,Bengaluru,Karnataka,"Art Complex, 1, Kumarakrupa Rd, near The Lalit Hotel, Kumara Park East, Seshadripuram, Bengaluru, Karnataka 560001, India",12.9893213,77.5807437,retro|quiet,high,family|couples|groups,temperate,false,full-day,2,Jan|Feb|Mar|Apr|May|Jun|Jul|Aug|Sep|Oct|Nov|Dec,0,https://lh3.googleusercontent.com/place-photos/AJRVUZOHw1tLNTWYPIoHX_89Tv08Ihc154cDwt-pZWBU0MM1QWBUf1e2LAJavrhoPqyakjp9zaKL6jxHX97duFHNxwlLoZYdJptDR1xtNk5xHiL6Ag9GyocWfZKCzIq_WOlUbeAv6hsrrq0VJrHJneA=s4800-w851|https://lh3.googleusercontent.com/place-photos/AJRVUZMNU8siv1Lon2dKP6KQ6K9gkxCPTRIh8iKm34W4majmyvuk-P5r22LqgD8s-kjUEiN9MwsUGABlaouWqmvd8KoFmQrAiWdA_ELOb-9xp7ZVfdfEXSlPLr5grcQNkecrCc5W-PDdl75qcTIinu4=s4800-w1200|https://lh3.googleusercontent.com/place-photos/AJRVUZPBOjLiKXgI-qXaNnwzhAeCXdJ3hcyFvHm0MNQuBJFnr99eLMvN4PZOwKwI0o7R3D1czTIc5idLAri_x-3PcZ3WuwItKYNcS2R95v44YCebhoT0uzgKsRiUyfjQqEEwWUN876l2rRVnVto76EQhAJAx=s4800-w1200,"Art Gallery in Bengaluru — rated 4.5★ across 21,415 Google reviews","Karnataka Chitrakala Parishath, Bengaluru"
shri-someshwara-swamy-temple-halasuru,Shri Someshwara Swamy Temple (Halasuru),Bengaluru,Karnataka,"Sri, Someshwara Temple Rd, Halasuru, Someshwarpura, Bengaluru, Karnataka 560008, India",12.9755527,77.6239473,quiet|retro,high,family|couples|groups,temperate,false,half-day,2,Jan|Feb|Mar|Apr|May|Jun|Jul|Aug|Sep|Oct|Nov|Dec,0,https://lh3.googleusercontent.com/place-photos/AJRVUZPTGhHZkuGIKsHZhzHrqbef51RzglJwZVYfegEvX7ZoILCGntJSIP0xB5H2V7zdb4_5YcmvtchM0EkdoWjEQ4tmO9bn702YHUUqBQItF7OWyyjfncGgyDvOaCL-SCtiP4WU4mvvCqsQNraeIvTkpYLeAg=s4800-w1200|https://lh3.googleusercontent.com/place-photos/AJRVUZMfqfcJ7dsr1DOu_IGZqlnF3y2E889jqLpCSK_BNafp6IXrAcITPvxSlEsvDiJPsSm3lvQ5GDWCR2Qdu1axfEidtPr9vEfHX3PAppraaFh-_kRlfAvjYoD0GicLpNqHQLz33akXWPidaL6-KAPqS5X5rQ=s4800-w1200|https://lh3.googleusercontent.com/place-photos/AJRVUZOPQd0gkfAQs-h2q5sGRFdVUB0yjJALUk0pzgvwXahDFjDS6QHyMtt3ylAbL7-pPTWSxHdOs4jtegd9c_iml8TudblpQyGd5ULwpCvjrViErTVkBE4b6iKMdjPL132JaB6YEbxRIhDIfcWU1w=s4800-w1200,"Hindu Temple in Bengaluru — rated 4.7★ across 12,570 Google reviews","Shri Someshwara Swamy Temple (Halasuru), Bengaluru"
st-mary-s-basilica-bengaluru,"St. Mary's Basilica, Bengaluru",Bengaluru,Karnataka,"XJM3+QQ3, MF Norrona St, Shivaji Nagar, Bengaluru, Karnataka 560051, India",12.9843925,77.6044189,quiet|retro,high,family|couples|groups,temperate,false,half-day,2,Jan|Feb|Mar|Apr|May|Jun|Jul|Aug|Sep|Oct|Nov|Dec,0,https://lh3.googleusercontent.com/place-photos/AJRVUZNeIOOqoWLvSJOXCMpzdCS6K-m95cvjhYNRjXB_2rNB9Es4-vi_h5zAlSJTYkWqLvpqBTiAIdwtEUTVWxD0DZb8Y_3qsUAFb70ILXeCHPBWsUoIDHzfdwivLjsXc1jJyq5bmG0yHalR-x9w1fY=s4800-w1200|https://lh3.googleusercontent.com/place-photos/AJRVUZN6lI9PMg4GEedwAgHSccq-t4XXeuANW8tc9gyIqtGpkQ_8v5fEPd0FKJpPu5d0sGU1ZB_85I1CIAt_uTZ4SudR--q_iVAAbMe4rUGJVli5GxPVkDcV49b3zDa7UR3Ck-DVpXk-UVvr4hRB-co=s4800-w1200|https://lh3.googleusercontent.com/place-photos/AJRVUZP8cUSt9slO6zlJhufLN8J48sBh1hj7o_MI3u0zpBrO8ZILQFbp7FGNCEc-uAOlEkoLgRCzgDjJrYdD4GnhXZZsrJPJGcqws8drkr0tuX2IVXQS9V5alw4VZTdNr0ykGEC_li2-GYf2m1XkOvPPyyKirg=s4800-w1200,"Church in Bengaluru — rated 4.6★ across 17,538 Google reviews","St. Mary's Basilica, Bengaluru, Bengaluru"
bengaluru-fort,Bengaluru Fort,Bengaluru,Karnataka,"XH7G+49C, Krishna Rajendra Rd, New Tharagupet, Bengaluru, Karnataka 560002, India",12.9628018,77.5758862,scenic|retro,high,family|couples|groups,temperate,false,half-day,2,Jan|Feb|Mar|Apr|May|Jun|Jul|Aug|Sep|Oct|Nov|Dec,0,https://lh3.googleusercontent.com/place-photos/AJRVUZO-CosbK10qYL9D-jjnA7qOwOX3s4h6Id2_wZ2_QVeswAY6llh7bjH-wszbM0JanY_g92JR2fdLQstDte8RhXY8zO_-ZVB-CqrVZRGSnT2XMUecIfK4fB54KhBNwIV9STwl2pO2du1q8NTZsA=s4800-w1200|https://lh3.googleusercontent.com/place-photos/AJRVUZOzJ-iXj6shZP0bvBa962jnkvduk4-j0CVh8AmyQb7i-rMF86d_t2I6UOL_vI3X-POzoyPRbpXuAvYsUqy5e3_kCXcCVaAzdtW0hZjNLnhZWXdS3Hsz4BMyWmmd9D0r5lVsErROWbR1hCBoEw=s4800-w1200|https://lh3.googleusercontent.com/place-photos/AJRVUZNIgFFyfAcyntkBtsJbAk0g7g9BHYW8YglJ7YAb9tm3iodg7Pp43iIrx5dyL6mDqK4ejN1lk8b-AhTMnqbGsmHzlTcqN84ghib1FCItTR1TBrSid4ee-U3OoN3LJy6bK9G3LNtoCvGTmT-ilg=s4800-w1200,"Historical Landmark in Bengaluru — rated 4.0★ across 26,605 Google reviews","Bengaluru Fort, Bengaluru"
skyjumper-amusement-park-garuda-mall-laser-tag-vr-games-soft,SkyJumper Amusement Park - Garuda Mall | Laser Tag | VR Games | Soft Play | Birthday Parties | School Trips | Corporate Party,Bengaluru,Karnataka,"Sixth Floor, Ashok Nagar, Magrath Road, Garuda Mall Rd, nearby Sadath Court, Ashok Nagar, Bengaluru, Karnataka 560025, India",12.9701829,77.60993719999999,lively,high,family|couples|groups,temperate,false,full-day,2,Jan|Feb|Mar|Apr|May|Jun|Jul|Aug|Sep|Oct|Nov|Dec,0,https://lh3.googleusercontent.com/places/ANXAkqF_hwyLV2IyeKJCf330mPf4oRjnR2KZC3oZV4djXJRghavDoaNcRjrnjVZrYdh-1evb4fcgt7of7Hcw3s7a3IqYs8GLzKDEiIo=s4800-w1200|https://lh3.googleusercontent.com/place-photos/AJRVUZOm3F3l5gwQFveKDs4iPMSyIHOXffdd193t-SH5JB-KofnoUoXmNXwi79pzkT3UZplnsqZ89vmMCkpJ7tOclvWLKaXpq3Y1YndzzdGymBKZ82WoHLG_IYe1w3FbHGapWbNaMOMpLVvc2cXTsg=s4800-w1200|https://lh3.googleusercontent.com/place-photos/AJRVUZM9KGtTsS-ZT6LylMIeTDP5NZQuiSu97fNHWwXwc_8CRu5NhSWYwMqhvKKEg7RRs6Ap7fFYQPExyydwkrvElmPg4FNn0j-GdnC_t1Fud1ZjvpfmMVf9WSTRNIq92YgeNWZPE8cw1uUHY6FLGw=s4800-w1200,"Amusement Park in Bengaluru — rated 4.8★ across 39,660 Google reviews","SkyJumper Amusement Park - Garuda Mall | Laser Tag | VR Games | Soft Play | Birthday Parties | School Trips | Corporate Party, Bengaluru"
city-civil-courts-mayo-hall-unit,City Civil Courts Mayo Hall Unit,Bengaluru,Karnataka,"14, 7, Mahatma Gandhi Rd, FM Cariappa Colony, Ashok Nagar, Bengaluru, Karnataka 560001, India",12.9741112,77.6106502,lively,low,couples|groups,temperate,false,half-day,2,Jan|Feb|Mar|Apr|May|Jun|Jul|Aug|Sep|Oct|Nov|Dec,0,,Courthouse in Bengaluru — rated 4.2★ across 297 Google reviews,"City Civil Courts Mayo Hall Unit, Bengaluru"
shri-subrahmanya-swamy-temple,Shri Subrahmanya Swamy Temple,Bengaluru,Karnataka,"XJGG+QXW, Old Madras Rd, Halasuru, Lingayana Palya, Bengaluru, Karnataka 560008, India",12.9769879,77.62745149999999,quiet|retro,high,family|couples|groups,temperate,false,half-day,2,Jan|Feb|Mar|Apr|May|Jun|Jul|Aug|Sep|Oct|Nov|Dec,0,,"Hindu Temple in Bengaluru — rated 4.7★ across 5,945 Google reviews","Shri Subrahmanya Swamy Temple, Bengaluru"
national-gallery-of-modern-art-bengaluru,National Gallery of Modern Art (Bengaluru),Bengaluru,Karnataka,"GF, Manikyavelu Mansion, 49, Palace Rd, Vasanth Nagar, Bengaluru, Karnataka 560052, India",12.989411599999999,77.5880553,retro|quiet,medium,family|couples|groups,temperate,false,full-day,2,Jan|Feb|Mar|Apr|May|Jun|Jul|Aug|Sep|Oct|Nov|Dec,0,,"Art Museum in Bengaluru — rated 4.3★ across 1,878 Google reviews","National Gallery of Modern Art (Bengaluru), Bengaluru"
st-patrick-s-church,St Patrick's Church,Bengaluru,Karnataka,"15K, Brigade Rd, Shanthala Nagar, Ashok Nagar, Bengaluru, Karnataka 560025, India",12.970065799999999,77.60594429999999,quiet|retro,high,family|couples|groups,temperate,false,half-day,2,Jan|Feb|Mar|Apr|May|Jun|Jul|Aug|Sep|Oct|Nov|Dec,0,,"Church in Bengaluru — rated 4.7★ across 5,699 Google reviews","St Patrick's Church, Bengaluru"
coles-park,Coles Park,Bengaluru,Karnataka,"6/1, Promenade Rd, Pulikeshi Nagar, Fraser Town, Bengaluru, Karnataka 560005, India",12.9945379,77.60880379999999,scenic|quiet,high,family|couples|solo,temperate,false,full-day,2,Jan|Feb|Mar|Apr|May|Jun|Jul|Aug|Sep|Oct|Nov|Dec,0,,"Park in Bengaluru — rated 4.2★ across 6,048 Google reviews","Coles Park, Bengaluru"
club-mahindra-resort-madikeri-coorg-karnataka,"Club Mahindra Resort - Madikeri - Coorg, Karnataka",Madikeri,Karnataka,"Galibeedu, Road, Karavale Badaga, Kalakeri Nidugane, Madikeri, Karnataka 571202, India",12.440664199999999,75.71659559999999,scenic|quiet,high,couples|family|groups,cool,true,weekend,3,Jan|Feb|Mar|Apr|May|Jun|Jul|Aug|Sep|Oct|Nov|Dec,265,https://lh3.googleusercontent.com/place-photos/AJRVUZNXTaKILvWQVSeWdqFcMIKdnoY36eQ_xc-cLyDNFBDMCFh4U30CWWXvvN8-xEBaI4mh0U0A_tZU1yc7BhsnZELcLTqOByG1Ft-gaUtKufYBaBV5Y0v4VCLfMpf6ekPgryaenmDyT3O8czjXuxNGgom_Jg=s4800-w662|https://lh3.googleusercontent.com/place-photos/AJRVUZOsXknR3iNq4HZiiJPiUa4NDh1CsV4v54v263ReTOQ1DKAxCwDXXmBt0hGGBmVewwbynzq2e8Aet3P-4p_HJ4Z27XWgqTspqT2mOIuZN-IP2FOkILmeDywHJuOH9p3n2349T5cP7W1yPIXQUQ=s4800-w1200|https://lh3.googleusercontent.com/place-photos/AJRVUZPvx8J2YTRnw22S6CRyszU-Gn-V-MrTfiiBWSVeWVeCqfof5FSxvpvANySuZvjRS6O3RfofxVz8HtSNPGxbtUzI2-PvIJlt1MGT1q8KtR8iTr-mnFMl_otR_AJj8q95RAeZgw0BKWw7rj4S9g=s4800-w1200,"Resort Hotel in Madikeri — rated 4.3★ across 14,892 Google reviews","Club Mahindra Resort - Madikeri - Coorg, Karnataka, Madikeri"
coorg-wilderness-resort-spa,Coorg Wilderness Resort & Spa,Mekeri,Karnataka,"Virajpet Main Road, Mekeri, Madikeri, Mekeri, Karnataka 571201, India",12.4021645,75.7483342,scenic|quiet,low,couples|family|groups,cool,true,weekend,3,Jan|Feb|Mar|Apr|May|Jun|Jul|Aug|Sep|Oct|Nov|Dec,262,,Resort Hotel in Mekeri — rated 4.6★ across 645 Google reviews,"Coorg Wilderness Resort & Spa, Mekeri"
taj-madikeri-resort-spa-coorg,"Taj Madikeri Resort & Spa, Coorg",Madikeri,Karnataka,"1st Monnangeri, Post, Galibeedu, Madikeri, Karnataka 571202, India",12.4459092,75.68501429999999,scenic|quiet,medium,couples|family|groups,cool,true,weekend,3,Jan|Feb|Mar|Apr|May|Jun|Jul|Aug|Sep|Oct|Nov|Dec,269,,"Hotel in Madikeri — rated 4.7★ across 4,687 Google reviews","Taj Madikeri Resort & Spa, Coorg, Madikeri"
coorg-marriott-resort-spa,Coorg Marriott Resort & Spa,Madikeri,Karnataka,"Somwarpet Rd, Post, Makkanduru, Madikeri, Karnataka 571201, India",12.4516116,75.7765132,scenic|quiet,medium,couples|family|groups,cool,true,weekend,3,Jan|Feb|Mar|Apr|May|Jun|Jul|Aug|Sep|Oct|Nov|Dec,256,,"Hotel in Madikeri — rated 4.3★ across 1,084 Google reviews","Coorg Marriott Resort & Spa, Madikeri"
the-ibnii,The Ibnii,Ibnivalvadi Rural,Karnataka,"123 Ibnivalavadi Village, Boikeri, Madikeri, Madikeri, Ibnivalvadi Rural, Karnataka 571201, India",12.4287421,75.7626022,scenic|quiet,medium,couples|family|groups,cool,true,weekend,3,Jan|Feb|Mar|Apr|May|Jun|Jul|Aug|Sep|Oct|Nov|Dec,259,,"Resort Hotel in Ibnivalvadi Rural — rated 4.4★ across 2,201 Google reviews","The Ibnii, Ibnivalvadi Rural"
heritage-resort-coorg,Heritage Resort Coorg,Galibeedu,Karnataka,"50/3, 1st, Taluk, Monnageri, Galibeedu, Karnataka 571201, India",12.4609759,75.6961887,scenic|quiet,medium,couples|family|groups,cool,true,weekend,3,Jan|Feb|Mar|Apr|May|Jun|Jul|Aug|Sep|Oct|Nov|Dec,266,,"Resort Hotel in Galibeedu — rated 4.3★ across 3,752 Google reviews","Heritage Resort Coorg, Galibeedu"
sterling-brookstone-coorg,Sterling Brookstone Coorg,Madikeri,Karnataka,"Brookstone Villa Rd, Monnageri, Madikeri, Karnataka 571201, India",12.4238185,75.709244,scenic|quiet,low,couples|family|groups,cool,true,weekend,3,Jan|Feb|Mar|Apr|May|Jun|Jul|Aug|Sep|Oct|Nov|Dec,266,,Resort Hotel in Madikeri — rated 4.2★ across 640 Google reviews,"Sterling Brookstone Coorg, Madikeri"
zostel-coorg-madikeri,"Zostel Coorg, Madikeri",Kadagadal,Karnataka,"Hegdebane Estate, Kadakdala Post Chettlli, Post, Madikeri, Kadagadal, Karnataka 571201, India",12.4108019,75.7830321,scenic|quiet,medium,couples|family|groups,cool,true,weekend,2,Jan|Feb|Mar|Apr|May|Jun|Jul|Aug|Sep|Oct|Nov|Dec,257,,"Hostel in Kadagadal — rated 4.4★ across 1,052 Google reviews","Zostel Coorg, Madikeri, Kadagadal"
gateway-coorg,Gateway Coorg,Galibeedu,Karnataka,"1st, Monnageri, Galibeedu, Karnataka 571202, India",12.442446799999999,75.7005281,scenic|quiet,low,couples|family|groups,cool,true,weekend,3,Jan|Feb|Mar|Apr|May|Jun|Jul|Aug|Sep|Oct|Nov|Dec,267,,Resort Hotel in Galibeedu — rated 4.6★ across 920 Google reviews,"Gateway Coorg, Galibeedu"
lazo-areca-resort-coorg,"Lazo Areca Resort , Coorg",Biligeri,Karnataka,"Biligeri Vilage, Kaggodlu Post, Samapaje, Hobli, Madikeri, Biligeri, Karnataka 571201, India",12.3698961,75.7554114,scenic|quiet,medium,couples|family|groups,cool,true,weekend,3,Jan|Feb|Mar|Apr|May|Jun|Jul|Aug|Sep|Oct|Nov|Dec,263,,"Resort Hotel in Biligeri — rated 4.2★ across 1,406 Google reviews","Lazo Areca Resort , Coorg, Biligeri"
timbertales-luxury-resort-coorg,Timbertales Luxury Resort Coorg,Madikeri,Karnataka,"No 94/2, Kedakal, Post, Modur, Madikeri, Karnataka 571201, India",12.4003673,75.8024928,scenic|quiet,low,couples|family|groups,cool,true,weekend,3,Jan|Feb|Mar|Apr|May|Jun|Jul|Aug|Sep|Oct|Nov|Dec,255,,Resort Hotel in Madikeri — rated 4.7★ across 438 Google reviews,"Timbertales Luxury Resort Coorg, Madikeri"
woodstock-resorts,Woodstock Resorts,Madikeri,Karnataka,"Mangalore - Mysore Hwy, next to Big Cup Cafe, near Sampigekatte Junction, Kannanda Bane, Madikeri, Karnataka 571201, India",12.430733499999999,75.7532272,scenic|quiet,medium,couples|family|groups,cool,true,weekend,3,Jan|Feb|Mar|Apr|May|Jun|Jul|Aug|Sep|Oct|Nov|Dec,260,,"Hotel in Madikeri — rated 4.1★ across 4,372 Google reviews","Woodstock Resorts, Madikeri"
the-cliff-edge-coorg-hotel,The Cliff Edge Coorg Hotel,Madikeri,Karnataka,"536/2, Block No. 16, Mangaladevinagar, Madikeri, Karnataka 571201, India",12.410839,75.7460079,scenic|quiet,medium,couples|family|groups,cool,true,weekend,3,Jan|Feb|Mar|Apr|May|Jun|Jul|Aug|Sep|Oct|Nov|Dec,262,,"Hotel in Madikeri — rated 4.3★ across 1,295 Google reviews","The Cliff Edge Coorg Hotel, Madikeri"
the-windflower-resorts-and-spa-coorg,The Windflower Resorts And Spa Coorg,Horur,Karnataka,"Survey No. 201/P1, Kedakal Village, Suntikoppa Hobli, Somwarpet Taluk, Madikeri, Horur, Karnataka 571237, India",12.433319000000001,75.813441,scenic|quiet,medium,couples|family|groups,cool,true,weekend,3,Jan|Feb|Mar|Apr|May|Jun|Jul|Aug|Sep|Oct|Nov|Dec,252,,"Resort Hotel in Horur — rated 3.9★ across 1,421 Google reviews","The Windflower Resorts And Spa Coorg, Horur"
hill-crest-resort-coorg-by-seventhwave,"Hill Crest Resort, Coorg - By Seventhwave",Madikeri,Karnataka,"Taluk, Nadu Post, Made, Madikeri, Karnataka 571201, India",12.4310946,75.6749713,scenic|quiet,medium,couples|family|groups,cool,true,weekend,3,Jan|Feb|Mar|Apr|May|Jun|Jul|Aug|Sep|Oct|Nov|Dec,270,,"Resort Hotel in Madikeri — rated 4.5★ across 1,827 Google reviews","Hill Crest Resort, Coorg - By Seventhwave, Madikeri"
silent-brook-resort-coorg,Silent Brook Resort - Coorg,Made,Karnataka,"Jodupala, Madenadu No, 49/168, Madikeri, Made, Karnataka 571201, India",12.429307699999999,75.661408,scenic|quiet,low,couples|family|groups,cool,true,weekend,3,Jan|Feb|Mar|Apr|May|Jun|Jul|Aug|Sep|Oct|Nov|Dec,272,,Resort Hotel in Made — rated 4.4★ across 742 Google reviews,"Silent Brook Resort - Coorg, Made"
gostops-coorg,goSTOPS Coorg,Madikeri,Karnataka,"Chettalli Rd, Stuart Hill, Madikeri, Karnataka 571201, India",12.415559199999999,75.7537048,scenic|quiet,medium,couples|family|groups,cool,true,weekend,2,Jan|Feb|Mar|Apr|May|Jun|Jul|Aug|Sep|Oct|Nov|Dec,261,,"Hostel in Madikeri — rated 4.3★ across 1,033 Google reviews","goSTOPS Coorg, Madikeri"
hotel-mayura-valley-view-madikeri,Hotel Mayura Valley View Madikeri,Madikeri,Karnataka,"near Raja's Seat, Stuart Hill, Madikeri, Karnataka 571201, India",12.416756699999999,75.7344383,scenic|quiet,medium,couples|family|groups,cool,true,weekend,3,Jan|Feb|Mar|Apr|May|Jun|Jul|Aug|Sep|Oct|Nov|Dec,263,,"Hotel in Madikeri — rated 4.1★ across 3,331 Google reviews","Hotel Mayura Valley View Madikeri, Madikeri"
hotel-coorg-international,Hotel Coorg International,Madikeri,Karnataka,"Convent Road, Bhagavathi Nagar, Madikeri, Karnataka 571201, India",12.428877199999999,75.73069819999999,scenic|quiet,medium,couples|family|groups,cool,true,weekend,3,Jan|Feb|Mar|Apr|May|Jun|Jul|Aug|Sep|Oct|Nov|Dec,263,,"Hotel in Madikeri — rated 4.1★ across 2,216 Google reviews","Hotel Coorg International, Madikeri"
the-birchwood-retreat,The Birchwood Retreat,Andagove,Karnataka,"Post, Koorgahalli Estate, Suntikoppa, Andagove, Karnataka 571237, India",12.4463736,75.8474117,scenic|quiet,medium,couples|family|groups,cool,true,weekend,3,Jan|Feb|Mar|Apr|May|Jun|Jul|Aug|Sep|Oct|Nov|Dec,247,,"Resort Hotel in Andagove — rated 4.3★ across 1,045 Google reviews","The Birchwood Retreat, Andagove"
siri-nature-roost,Siri Nature Roost,Aralaguppe,Karnataka,"SH 57, Allampura, Aralaguppe, Karnataka 577131, India",13.366101299999999,75.7528705,scenic|quiet,medium,couples|family|groups,cool,true,weekend,3,Jan|Feb|Mar|Apr|May|Jun|Jul|Aug|Sep|Oct|Nov|Dec,255,,"Resort Hotel in Aralaguppe — rated 4.1★ across 2,039 Google reviews","Siri Nature Roost, Aralaguppe"
trivik-hotels-resorts-chikmagalur,Trivik Hotels & Resorts Chikmagalur,Pandaravalli,Karnataka,"Sy No.216 & 344 Channagondanahalli, Elunoorkhan Rd, Vasthur Hobli, Pandaravalli, Karnataka 577131, India",13.3922232,75.69010759999999,scenic|quiet,medium,couples|family|groups,cool,true,weekend,3,Jan|Feb|Mar|Apr|May|Jun|Jul|Aug|Sep|Oct|Nov|Dec,264,,"Resort Hotel in Pandaravalli — rated 4.7★ across 2,571 Google reviews","Trivik Hotels & Resorts Chikmagalur, Pandaravalli"
trippr-chikkamagaluru,Trippr Chikkamagaluru,Allampura,Karnataka,"Golf Club Road, beside Chikkamagaluru Horse riding academy, Allampura, Karnataka 577131, India",13.3589495,75.7636248,scenic|quiet,medium,couples|family|groups,cool,true,weekend,2,Jan|Feb|Mar|Apr|May|Jun|Jul|Aug|Sep|Oct|Nov|Dec,253,,"Hostel in Allampura — rated 4.5★ across 3,070 Google reviews","Trippr Chikkamagaluru, Allampura"
the-serai-chikmagalur,The Serai Chikmagalur,Shiragunda,Karnataka,"Mugthihalli Post, KM Rd, Chikkamagaluru, Shiragunda, Karnataka 577133, India",13.2749981,75.7316113,scenic|quiet,medium,couples|family|groups,cool,true,weekend,3,Jan|Feb|Mar|Apr|May|Jun|Jul|Aug|Sep|Oct|Nov|Dec,255,,"Resort Hotel in Shiragunda — rated 4.5★ across 2,530 Google reviews","The Serai Chikmagalur, Shiragunda"
gateway-chikmagalur,Gateway Chikmagalur,Chikkamagaluru,Karnataka,"KM Road, Post, opposite Pavithravana, Jyothinagar, Chikkamagaluru, Karnataka 577102, India",13.33668,75.8177276,scenic|quiet,medium,couples|family|groups,cool,true,weekend,3,Jan|Feb|Mar|Apr|May|Jun|Jul|Aug|Sep|Oct|Nov|Dec,245,,"Hotel in Chikkamagaluru — rated 4.3★ across 2,124 Google reviews","Gateway Chikmagalur, Chikkamagaluru"
java-rain-resorts,Java Rain Resorts,HirekoLale,Karnataka,"Girija Estates, Survey no – 618, HirekoLale, Karnataka 577131, India",13.362061299999999,75.7253791,scenic|quiet,medium,couples|family|groups,cool,true,weekend,3,Jan|Feb|Mar|Apr|May|Jun|Jul|Aug|Sep|Oct|Nov|Dec,258,,"Resort Hotel in HirekoLale — rated 4.4★ across 2,161 Google reviews","Java Rain Resorts, HirekoLale"
the-blossom-resort-chikmagalur,The Blossom Resort - Chikmagalur,Gonakal,Karnataka,"SH- 57, Bhadra Wildlife Sanctuary, Tarikere, Road, Chikkamagaluru, Gonakal, Karnataka 577137, India",13.474552,75.80072779999999,scenic|quiet,medium,couples|family|groups,cool,true,weekend,3,Jan|Feb|Mar|Apr|May|Jun|Jul|Aug|Sep|Oct|Nov|Dec,252,,"Resort Hotel in Gonakal — rated 4.7★ across 4,471 Google reviews","The Blossom Resort - Chikmagalur, Gonakal"
the-silversky-hotels-and-resorts,THE SILVERSKY HOTELS AND RESORTS,Aralaguppe,Karnataka,"THE SILVERSKY HOTELS AND RESORTS SY NO 449/2,3,4 KALLEDEVAPURA, POST, Kaimara, Aralaguppe, Karnataka 577131, India",13.3767213,75.7341191,scenic|quiet,medium,couples|family|groups,cool,true,weekend,3,Jan|Feb|Mar|Apr|May|Jun|Jul|Aug|Sep|Oct|Nov|Dec,258,,"Resort Hotel in Aralaguppe — rated 4.7★ across 1,407 Google reviews","THE SILVERSKY HOTELS AND RESORTS, Aralaguppe"
bindiga-peak-resorts,Bindiga Peak Resorts,Bindiga,Karnataka,"Sy No 129, Bindiga Grama, Karkanahalli, Panchayath Village, Mallenahalli, Bindiga, Karnataka 577131, India",13.405048500000001,75.7886363,scenic|quiet,medium,couples|family|groups,cool,true,weekend,3,Jan|Feb|Mar|Apr|May|Jun|Jul|Aug|Sep|Oct|Nov|Dec,251,,"Resort Hotel in Bindiga — rated 4.7★ across 1,625 Google reviews","Bindiga Peak Resorts, Bindiga"
honeydewwz-exoticaa-hotel-resort-chikmagalur,"Honeydewwz Exoticaa Hotel & Resort, Chikmagalur",Thogarihankal,Karnataka,"Chikkmagaluru Taluk, Hospet, Thogarihankal, Karnataka 577137, India",13.472344,75.7986464,scenic|quiet,medium,couples|family|groups,cool,true,weekend,3,Jan|Feb|Mar|Apr|May|Jun|Jul|Aug|Sep|Oct|Nov|Dec,252,,"Resort Hotel in Thogarihankal — rated 4.5★ across 2,578 Google reviews","Honeydewwz Exoticaa Hotel & Resort, Chikmagalur, Thogarihankal"
q-swarga-retreat,Q Swarga Retreat,Dattatreya Peeta,Karnataka,"Sangam Road, Inam Dattathreya Peeta, Dattatreya Peeta, Karnataka 577131, India",13.434053700000002,75.7267949,scenic|quiet,low,couples|family|groups,cool,true,weekend,3,Jan|Feb|Mar|Apr|May|Jun|Jul|Aug|Sep|Oct|Nov|Dec,260,,Resort Hotel in Dattatreya Peeta — rated 4.3★ across 990 Google reviews,"Q Swarga Retreat, Dattatreya Peeta"
hotel-aadrika-chikmagalur,"Hotel Aadrika, Chikmagalur",Chikkamagaluru,Karnataka,"Milan Theatre Road, opp. kuvempu kala Mandir, Kadur, Chikkamagaluru, Karnataka 577101, India",13.3171954,75.7710901,scenic|quiet,medium,couples|family|groups,cool,true,weekend,3,Jan|Feb|Mar|Apr|May|Jun|Jul|Aug|Sep|Oct|Nov|Dec,251,,"Hotel in Chikkamagaluru — rated 4.2★ across 2,850 Google reviews","Hotel Aadrika, Chikmagalur, Chikkamagaluru"
the-grand-retreat-chikmagalur,The Grand Retreat - Chikmagalur,Thogarihankal,Karnataka,"SY No. 189, 2, Tarikere Road, near Thogarihankal, Thogarihankal, Karnataka 577137, India",13.4858646,75.8081497,scenic|quiet,medium,couples|family|groups,cool,true,weekend,3,Jan|Feb|Mar|Apr|May|Jun|Jul|Aug|Sep|Oct|Nov|Dec,252,,"Resort Hotel in Thogarihankal — rated 4.9★ across 1,389 Google reviews","The Grand Retreat - Chikmagalur, Thogarihankal"
hotel-mayura-deluxe,Hotel Mayura Deluxe,Chikkamagaluru,Karnataka,"M.G.Road, Chikmagaluru, Sankara Pura, Lakshmishanagara, Chikkamagaluru, Karnataka 577101, India",13.3162156,75.7744567,lively,high,couples|groups|family,cool,true,weekend,2,Jan|Feb|Mar|Apr|May|Jun|Jul|Aug|Sep|Oct|Nov|Dec,250,,"South Indian Restaurant in Chikkamagaluru — rated 4.0★ across 5,294 Google reviews","Hotel Mayura Deluxe, Chikkamagaluru"
coffee-grove-resort,Coffee Grove Resort,Yelagudige,Karnataka,"Anishka Plantation, Kelagur, Aldur, Yelagudige, Karnataka 577111, India",13.229089,75.66559099999999,scenic|quiet,medium,couples|family|groups,cool,true,weekend,3,Jan|Feb|Mar|Apr|May|Jun|Jul|Aug|Sep|Oct|Nov|Dec,263,,"Resort Hotel in Yelagudige — rated 4.5★ across 2,345 Google reviews","Coffee Grove Resort, Yelagudige"
vismita-county,Vismita County,Vastare,Karnataka,"ALADGUDDE cross, road, Buskal, Vastare, Karnataka 577133, India",13.2576544,75.7169181,scenic|quiet,medium,couples|family|groups,cool,true,weekend,3,Jan|Feb|Mar|Apr|May|Jun|Jul|Aug|Sep|Oct|Nov|Dec,257,,"Resort Hotel in Vastare — rated 4.8★ across 2,649 Google reviews","Vismita County, Vastare"
biranji-aqua-retreat,Biranji Aqua Retreat,Boodanike,Karnataka,"Budanike, village, near k r Pete, KR Pete, Boodanike, Karnataka 577133, India",13.2079392,75.7454454,scenic|quiet,medium,couples|family|groups,cool,true,weekend,2,Jan|Feb|Mar|Apr|May|Jun|Jul|Aug|Sep|Oct|Nov|Dec,252,,"Guest House in Boodanike — rated 4.8★ across 1,077 Google reviews","Biranji Aqua Retreat, Boodanike"
the-spectrum-resort-chikmagalur,The Spectrum Resort - Chikmagalur,Dasarahalli,Karnataka,"Hs No. 275, Erehalla, Dasarahalli, Village, Dasarahalli, Karnataka 577131, India",13.380099999999999,75.7591582,scenic|quiet,medium,couples|family|groups,cool,true,weekend,3,Jan|Feb|Mar|Apr|May|Jun|Jul|Aug|Sep|Oct|Nov|Dec,254,,"Resort Hotel in Dasarahalli — rated 4.6★ across 2,201 Google reviews","The Spectrum Resort - Chikmagalur, Dasarahalli"
coffeeberry-hills-chikmagalur,Coffeeberry Hills Chikmagalur,Chikka Kolale,Karnataka,"No 262/9; Chikkolale Village, Taluk, Kasaba Hobli, Chikkamagaluru, Chikka Kolale, Karnataka 577101, India",13.3375366,75.7368118,scenic|quiet,low,couples|family|groups,cool,true,weekend,3,Jan|Feb|Mar|Apr|May|Jun|Jul|Aug|Sep|Oct|Nov|Dec,256,,Resort Hotel in Chikka Kolale — rated 4.7★ across 738 Google reviews,"Coffeeberry Hills Chikmagalur, Chikka Kolale"
the-hosteller-chikmagalur,The Hosteller Chikmagalur,Arasinaguppe,Karnataka,"Devirama Temple Path, Arasinaguppe, Karnataka 577131, India",13.395744800000001,75.7685175,scenic|quiet,medium,couples|family|groups,cool,true,weekend,2,Jan|Feb|Mar|Apr|May|Jun|Jul|Aug|Sep|Oct|Nov|Dec,254,,"Hostel in Arasinaguppe — rated 4.7★ across 2,073 Google reviews","The Hosteller Chikmagalur, Arasinaguppe"
mysuru-palace,Mysuru Palace,Mysuru,Karnataka,"Agrahara, Chamrajpura, Mysuru, Karnataka 570001, India",12.305163,76.65517489999999,scenic|retro,high,family|couples|groups,warm,false,full-day,2,Jan|Feb|Mar|Apr|May|Jun|Jul|Aug|Sep|Oct|Nov|Dec,157,https://lh3.googleusercontent.com/place-photos/AJRVUZP7oADZuXLwGDv-z6qox6G35ue5JRuIoSytgqHbDWGhP8uhPUEDum7Iakxyu22gW-HXUyFiiGdflCyqGICTw6hBGxdacdOuKfdVgF4FYgSc7speSyaCVE6aww6DYjl_P81glVUZkUxl_bzI0Sw=s4800-w550|https://lh3.googleusercontent.com/place-photos/AJRVUZNZlr7fpcgxMWF6ER9Lb1ww-qHQJOEwOYk6RKPmh_1ATFbUeq-hpFAgbeBqxHk3JTCc1lfbIhMJi_FGEAmzWiTtLalO5FhgS-cCpb6NX79HEjX12wP99W-ZjeLx13kYQNA4iHPTNnE=s4800-w750|https://lh3.googleusercontent.com/place-photos/AJRVUZO1LXccMoxHr5A0kVlgRNxLjeCXw2cef_t219Ns_YB8blBnvypSPsy6m-7qE1FCpfZZ_XOdM5PG1n5RkxmHZXECxrD_8KxDH0hXC5SvnBAU7fw8wY78zRpabLEKj3Bx1p8dikPVW2WICTFJow=s4800-w1200,"Historical Place in Mysuru — rated 4.6★ across 301,244 Google reviews","Mysuru Palace, Mysuru"
sri-chamarajendra-zoological-gardens,Sri Chamarajendra Zoological Gardens,Mysuru,Karnataka,"Zoo Rd, Indira Nagar, Ittige Gudu, Mysuru, Karnataka 570010, India",12.3024092,76.6638194,lively,high,family|couples|groups,warm,false,full-day,2,Jan|Feb|Mar|Apr|May|Jun|Jul|Aug|Sep|Oct|Nov|Dec,156,https://lh3.googleusercontent.com/place-photos/AJRVUZPhR_LLo3IewR4IahgLKjiH6QEH8JxMzYAFnDP5YM43CFS43e2DZlfIfuuMaRobCfkF3EVV6CjH1Dk_RUj_MbIKKd06l9Yap2j_3sI01sHM1pXza7pQb158BuwKcb_-pOkZSMT3qrzneAuvQTM=s4800-w1200|https://lh3.googleusercontent.com/place-photos/AJRVUZNzEBKu5b5kWxqMRigr-3cTBucIU2m_2FcvXNZIRhg8T8cjyc1y0KSUcYUTmg2u7uvqNX6akU6lPeRAbCplImmwvuuj7WLrsJljk5Fe0gOv58N1RWWiS-rQOkX262JwtaBJMgeSAWmcW_Y4r00=s4800-w1080|https://lh3.googleusercontent.com/place-photos/AJRVUZMxutkd2scu0hq64jdwSCfBUsdBlp71wocyPcHLv7Swk1EwMUMsgEFdAjrG1g-RshD1phu4oj7bKusmmAjWnOyLLOP9ikB7Z4p0MBlOzgi0td08N6TfmeFkXAqOc-h4ENh0mvgPXj1YU_4Q3g=s4800-w1200,"Zoo in Mysuru — rated 4.5★ across 135,786 Google reviews","Sri Chamarajendra Zoological Gardens, Mysuru"
lokaranjan-aqua-world-underwater-zoo,Lokaranjan Aqua World Underwater Zoo,Mysuru,Karnataka,"853-n-15 Zoo Garden Road, 15b, Lokaranjan Mahal Rd, Indira Nagar, Ittige Gudu, Mysuru, Karnataka 570010, India",12.304807,76.6638086,lively,high,family|couples|groups,warm,false,full-day,2,Jan|Feb|Mar|Apr|May|Jun|Jul|Aug|Sep|Oct|Nov|Dec,156,https://lh3.googleusercontent.com/places/ANXAkqEsqpfW9y4xUzGqWlg94gmEAb-GgYajNQlBDgrwYb5IFQ_i7t59icah70RAYDL3UXcSJrVsPaZYEJI4ohXBycVctK0RRhDObMA=s4800-w1200|https://lh3.googleusercontent.com/place-photos/AJRVUZNbF5XT1eRFOq2XqsDdp2YXobg-W9RSFRTs-NALcFmXIoJkD7AamADliCSbc9EY8tv8u3vhOIzxuOuueU_GvtY01AlsbnM2uT73NX55AkSRDMtu8oEuRZgOhyu72uyZC8lMJ9JV87uFHggNdEA=s4800-w1024|https://lh3.googleusercontent.com/place-photos/AJRVUZMJAGTXXAKBZ3Vm5MeuvxdCDnePl8I8Q_BuyOs3pQwKu8EpB7Z5LOsYcXlGw6P8Ya6eLB0LI5do_brW9y7i2DcPTHKnv1ak9rzxd7cBHfLu1ZfejML3PmN-OO9eitALBq2N09B6maAQpp4RzA=s4800-w1200,"Aquarium in Mysuru — rated 4.7★ across 153,883 Google reviews","Lokaranjan Aqua World Underwater Zoo, Mysuru"
mysuru-railway-museum,MYSURU RAILWAY MUSEUM,Mysuru,Karnataka,"8J8V+G8P, KRS Rd, opp. CFTRI, Medar Block, Yadavagiri, Mysuru, Karnataka 570020, India",12.3163393,76.643323,retro|quiet,high,family|couples|groups,warm,false,full-day,2,Jan|Feb|Mar|Apr|May|Jun|Jul|Aug|Sep|Oct|Nov|Dec,157,https://lh3.googleusercontent.com/place-photos/AJRVUZP7lKjy77uTrVOJ0QDHGilHkAtnpF71xRsLvaRHG0CAW8L4UdDyMx99mu4gIkKHeCHKSYS-CR20_9Ft79X0ugtaocexglJoNibQMtppQ3v8JyMzRXbTisfVCa7vBeM07wsqE7fHLTMD8p0PVA=s4800-w1200|https://lh3.googleusercontent.com/place-photos/AJRVUZM66Il5bFC6nS_5aJX-iosCPkAWXKLk6d874noONmRcQY1FgNzEit44UMYMSPV_gXjJBM6QM6gTFKXQx9Gct9dHxI31iby-tKNHSvLawralKFrTaAYdOnnPcjqXLEjhWpnVKxBVv58h-Hr_Ug=s4800-w1200|https://lh3.googleusercontent.com/place-photos/AJRVUZMkTW0uoAEqsUGFnDYZlrRGj0DGL8KVs4zGWBKVetRtQP3D6ZdFgy2iGPcxMzQrhMEIIB0EjfQCqdExYEK8fmKEkDI0OVEHhLGBl4ekA2j_hDI85R1GMjFuNLpMHZiueL2DDWuWKuEXEcEDT2A=s4800-w1200,"Museum in Mysuru — rated 4.5★ across 16,585 Google reviews","MYSURU RAILWAY MUSEUM, Mysuru"
jaganmohana-palace-sri-jayachamarajendra-art-gallery-and-aud,Jaganmohana Palace (Sri Jayachamarajendra Art Gallery) And Auditorium,Mysuru,Karnataka,"Jagan Mohan Palace Road, Subbarayanakere, Chamrajpura, Mysuru, Karnataka 570004, India",12.3068216,76.6497928,retro|quiet,high,family|couples|groups,warm,false,full-day,2,Jan|Feb|Mar|Apr|May|Jun|Jul|Aug|Sep|Oct|Nov|Dec,157,https://lh3.googleusercontent.com/place-photos/AJRVUZOwhKrxjGzhLnRy8lZ8jFmaD2wjkZeoWG4zFwYcvdOiWd8muXIS8XgMI5fVlYaWdlKlUpdEhRHfJS_AjSw0d9-Q22wZ8StnCzOimoSSn_POVzHPFGBtWK8TtxpqZKc192pMgaCYuJoNODdC6g=s4800-w700|https://lh3.googleusercontent.com/place-photos/AJRVUZPVbrmYQmp4X-4bL4YF8k0OPIShtWsrWprd_ujjTXfSRpgengUw0Nabw1GgN0Lb_I0VAaX7Q0GHUs2PJTHIw3yF1loz9sxoiVng3Gkj5j9RtK6ykbsnOS0wQoIJHlUGAiOlW-Fyid0F6p9dnA=s4800-w1200|https://lh3.googleusercontent.com/place-photos/AJRVUZPywRhHNsFtvQ7Rx4FseyVjSSNnuEtDFIVFqK_VQeqMeCo9_jgimwQT5ir4u2Ox0A0WTGf5ELQPhLX0NiwetFBZM6jzBWTUOfcvG70GKE8MGJbjcWtoehwQpl3Dhf1jPK5P2J9iE2dUj21vPqI=s4800-w1200,"Art Museum in Mysuru — rated 4.2★ across 12,525 Google reviews","Jaganmohana Palace (Sri Jayachamarajendra Art Gallery) And Auditorium, Mysuru"
gowri-s-sand-museum-mysore,Gowri’s Sand Museum Mysore,Mysuru,Karnataka,"Chamundi Hill Rd, KC Layout, Mysuru, Karnataka 570011, India",12.294984900000001,76.68198629999999,retro|quiet,high,family|couples|groups,warm,false,full-day,2,Jan|Feb|Mar|Apr|May|Jun|Jul|Aug|Sep|Oct|Nov|Dec,155,https://lh3.googleusercontent.com/place-photos/AJRVUZP-PfYvwpGrO4Vy1AtvGVKgQQM4Aw0Qu67gfWGQL5n4YRgwLan6TjLWmcH9ZxuzvMeygO0UCsbu9LOHdH110PufJ3ybjUgKFMPRza9M0benkvEvVFXIyP25_d_zVDcyh2ODkHKx1Ys8IObq_Q=s4800-w1200|https://lh3.googleusercontent.com/place-photos/AJRVUZMCiw6W8ISBT5pd2XmriPdBqJBlJXAMCKQrgBgo-x-HH1dX_461rW6eP17Uta9OPWrVAzf8PJsg232YjCcKm0jXVL6HFlGiT8YTB7yf-cTCVzhiEt4OR9zYRhmfe2VcCgmv9094y4TZWW0Z6g=s4800-w1200|https://lh3.googleusercontent.com/place-photos/AJRVUZMTOvObq8IwFj4RFMe4oUu6KNH1lRbmScpvoRvfChA1wguMdFgj18YgOfH2UnszaiHVcIj4l_PhnPfrSnSPhJTp6ImE-8hgD1gh0xwtcfxd0o-VRkB344AW1fN2jiC72FqUuWDbtaWxYu25YA=s4800-w1200,"Art Museum in Mysuru — rated 4.7★ across 83,669 Google reviews","Gowri’s Sand Museum Mysore, Mysuru"
snow-palace-mysuru,Snow Palace Mysuru,Mysuru,Karnataka,"145/2, Lokaranjan Mahal Rd, near mysuru, opp. to grand vanam hotel, Ittige Gudu, Mysuru, Karnataka 570010, India",12.3053295,76.6656872,scenic|retro,high,family|couples|groups,warm,false,full-day,2,Jan|Feb|Mar|Apr|May|Jun|Jul|Aug|Sep|Oct|Nov|Dec,156,https://lh3.googleusercontent.com/places/ANXAkqEamOyWouiiho8_xIa4QL9vXDsSBAQ0EdP9okzT9SOS12PPim9-EggENXPAlN-HLsGkUDFRPSfj8V-4pPQdCbwKmrn82GCAIk4=s4800-w1125|https://lh3.googleusercontent.com/place-photos/AJRVUZOiVwAUc5YL0BL7SmvpCTtvdob-aQY6xf3eHk00SlGQaACDXprp0E4BWgHAV5Uv-oxT20-6XHiBicPcp50cPUSmQRJzUfpI3fhrlpZFH-wPLAxN4ZDizM733KP5DiEyvK3TAQEsK8iXbjN8AQ=s4800-w1200|https://lh3.googleusercontent.com/place-photos/AJRVUZNofd13nl437-OxFv_cEyxDHgjTey7c_92srb9JNPqnLgQLU-DDH2PiKCO_ke1jj-WQfCiLKHuYaxC76D8WK-5TmdXVBKxqbEcIaHMog1fqw6uNdHTU_SsvOxcabibqSBUv7dbXS3O8mVlBGA=s4800-w1200,"Tourist Attraction in Mysuru — rated 4.5★ across 17,951 Google reviews","Snow Palace Mysuru, Mysuru"
sri-yoga-narasimha-swami-temple-sudharshana-naarasimha-kshet,Sri Yoga Narasimha Swami Temple Sudharshana Naarasimha Kshethra,Mysuru,Karnataka,"Sudharshana Narasimha Kshetra, near Aishwarya Petrol Pump, Vijayanagar 1st Stage, Vijayanagar, Mysuru, Karnataka 570017, India",12.3270711,76.6121515,quiet|retro,medium,family|couples|groups,warm,false,half-day,2,Jan|Feb|Mar|Apr|May|Jun|Jul|Aug|Sep|Oct|Nov|Dec,160,,"Hindu Temple in Mysuru — rated 4.8★ across 3,986 Google reviews","Sri Yoga Narasimha Swami Temple Sudharshana Naarasimha Kshethra, Mysuru"
melody-world-wax-museum,Melody World Wax Museum,Mysuru,Karnataka,"8M2H+W28, 1, Vihara Marga, Kurubara Halli, Siddhartha Layout, Mysuru, Karnataka 570011, India",12.302295200000001,76.6775885,retro|quiet,high,family|couples|groups,warm,false,full-day,2,Jan|Feb|Mar|Apr|May|Jun|Jul|Aug|Sep|Oct|Nov|Dec,155,https://lh3.googleusercontent.com/places/ANXAkqEkVfMJTKtmcrw4a6bhROLu9kOWzQYqiT9Ns5MvZWF0pMRhzj_vPzrCl0vwPOLj0hPHaed0O34eDxqgGpkfotXTf3H8lgjN-Ig=s4800-w1032|https://lh3.googleusercontent.com/place-photos/AJRVUZOkpkf6x4B-PyNq8A0jGtT2j6i7AO83mND-dbWkaUCfiDUESEqWjZkAeASKOwIbpqQYPuB9mvZFt_Mh240gnDHBjthksuhJ8MwNBQBw_DXOGBO65ZvwyuSKk7BOlkn6AX8RP4NrC4SDdZO2=s4800-w1200|https://lh3.googleusercontent.com/place-photos/AJRVUZOgYS57j4kjGovXdsGAqnTJml155yXlLFD1RMLWDM3_fkD5gPXkVHb2t0PagElzTPMrF1uSVTw0ToVKPZFkRMdlg7utwf8Dvdk08D_YJQw9q3Rt7SIJTVKDpEPPc1auYgl2af4b43k9oRdRAw=s4800-w1200,"Museum in Mysuru — rated 4.2★ across 17,057 Google reviews","Melody World Wax Museum, Mysuru"
karanji-lake-nature-park,Karanji Lake Nature Park,Mysuru,Karnataka,"7MXC+7X6, Karanji Kere Trail Rd, Jockey Quarters, Mysuru, Karnataka 570010, India",12.298157500000002,76.6723837,scenic|quiet,high,family|couples|solo,warm,false,full-day,2,Jan|Feb|Mar|Apr|May|Jun|Jul|Aug|Sep|Oct|Nov|Dec,156,https://lh3.googleusercontent.com/place-photos/AJRVUZOpZCvUDLKhtu6-jVN1wB5H8XT-tkgHrNcIbfeevb5RVmCbA6DjNvYmSB_Cw9rTr762iBAv8bngOID-p9VAZrEhfxvwY1OJc0mlclYCPHOzwsgP9zYBt1S3BSIb3BN3H-tomvgKh8mlbR6w=s4800-w1200|https://lh3.googleusercontent.com/place-photos/AJRVUZPzpvzgeg-wFqTtfXOKROJLJAv6fdHp-jWvaKu5RtjZoPqUWiS4zMe0ZWo-gi0eAzJ9QjkYzpnF5_s15hU__9MzdGmt958GtUWeA-19_H5psOloXEBLd3W0dvU7f3u1tG2JNNSLuEkEv-CQaQ=s4800-w678|https://lh3.googleusercontent.com/place-photos/AJRVUZPj0vkjvyprgo-ZcVEQFTnSpa9jtfyybAMmDnVyR_6JmLR2tBT015_qk6QrKHFAxyhyxq3qWF0nqCTJMblyW_jJO_HfGsxeUtHFqJEsQ2qI2kgOsDK9bXcZo2PwPiTfE-pAroBELQqM4lYOzg=s4800-w1024,"Park in Mysuru — rated 4.3★ across 13,541 Google reviews","Karanji Lake Nature Park, Mysuru"
shri-lakshmi-venkateshwara-swamy-temple,Shri Lakshmi Venkateshwara Swamy Temple,Mysuru,Karnataka,"8JGM+R6J, KRS Rd, Gokulam 1st Stage, Vani Vilas Mohalla, Mysuru, Karnataka 570002, India",12.3270919,76.6330213,quiet|retro,medium,family|couples|groups,warm,false,half-day,2,Jan|Feb|Mar|Apr|May|Jun|Jul|Aug|Sep|Oct|Nov|Dec,158,,"Hindu Temple in Mysuru — rated 4.8★ across 4,800 Google reviews","Shri Lakshmi Venkateshwara Swamy Temple, Mysuru"
regional-museum-of-natural-history-mysuru,Regional Museum of Natural History Mysuru,Mysuru,Karnataka,"T.N.Pura Road, Siddhartha Nagar, 42, 2nd Cross Rd, opposite Nandini Milk Dairy, Venkatalingaiah Layout, Karanji Layout, Mysuru, Karnataka 570011, India",12.30555,76.67436649999999,retro|quiet,medium,family|couples|groups,warm,false,full-day,2,Jan|Feb|Mar|Apr|May|Jun|Jul|Aug|Sep|Oct|Nov|Dec,155,,"Museum in Mysuru — rated 4.4★ across 1,860 Google reviews","Regional Museum of Natural History Mysuru, Mysuru"
kishkindha-moolika-bonsai-garden,Kishkindha Moolika Bonsai Garden,Mysuru,Karnataka,"7MM5+R66 Sri Ganapati Sachchidananda Ashrama, Mysuru - Ooty Rd, Gundurao Nagar, Datta Nagar, Mysuru, Karnataka 570025, India",12.284526099999999,76.6580007,scenic|quiet,medium,family|couples|solo,warm,false,full-day,2,Jan|Feb|Mar|Apr|May|Jun|Jul|Aug|Sep|Oct|Nov|Dec,158,,"Botanical Garden in Mysuru — rated 4.6★ across 3,639 Google reviews","Kishkindha Moolika Bonsai Garden, Mysuru"
chamundi-hills-steps-parking,Chamundi hills steps parking,Mysuru,Karnataka,"7MM8+PFG, Chamundi Hill Steps, Chamundi Hill, Mysuru, Karnataka 570025, India",12.2843214,76.6662173,quiet|retro,medium,family|couples|groups,warm,false,half-day,2,Jan|Feb|Mar|Apr|May|Jun|Jul|Aug|Sep|Oct|Nov|Dec,158,,"Hindu Temple in Mysuru — rated 4.5★ across 2,106 Google reviews","Chamundi hills steps parking, Mysuru"
chamundi-hill-view-point,Chamundi Hill View Point,Chamundibetta,Karnataka,"7MJF+27J, Chamundi Hill Rd, Chamundi Hill, Chamundibetta, Karnataka 570010, India",12.2800897,76.6731515,scenic|retro,medium,family|couples|groups,temperate,false,full-day,2,Jan|Feb|Mar|Apr|May|Jun|Jul|Aug|Sep|Oct|Nov|Dec,157,,"Scenic Spot in Chamundibetta — rated 4.7★ across 2,372 Google reviews","Chamundi Hill View Point, Chamundibetta"
lingambudhi-park,Lingambudhi Park,Dattagalli,Karnataka,"Vivekanandana Nagar, Ramakrishnanagar, Dattagalli, Karnataka 570034, India",12.2743962,76.6157284,scenic|quiet,medium,family|couples|solo,temperate,false,full-day,2,Jan|Feb|Mar|Apr|May|Jun|Jul|Aug|Sep|Oct|Nov|Dec,164,,"Park in Dattagalli — rated 4.5★ across 2,581 Google reviews","Lingambudhi Park, Dattagalli"
chamundi-hill-lookout-view-point,Chamundi Hill Lookout View Point,Chamundibetta,Karnataka,"7MJH+JC9, Chamundi Hill, Chamundibetta, Karnataka 570010, India",12.2815472,76.6786178,scenic|retro,high,family|couples|groups,temperate,false,full-day,2,Jan|Feb|Mar|Apr|May|Jun|Jul|Aug|Sep|Oct|Nov|Dec,156,https://lh3.googleusercontent.com/place-photos/AJRVUZPgpiHo6YrQNOymWKZH8XBPLikr2QPdOm-Z1qGilEwWWN2wiKdlWAGZ_a8wkeNsqU6XLI2Rhx9bE-93jKyIG0inw2ytDS_Py7n8NinflvejXg1N0nomu2AkFi-xdf7j06heKYe-xqt484Ae4cU=s4800-w1200|https://lh3.googleusercontent.com/place-photos/AJRVUZNlQsG10YhsTWyjwb4N2ncv5_PAl40RTIOol_D-Vw0rflbWK16UsgnxW272b-okM7K8Y2TIqF9xqYt7mGpRlKNIotVT_4kjABlBBtyHcqaymleKHnUv0_ZyuuPBwD-Z1-KgcydfcTYRvRl5=s4800-w1200|https://lh3.googleusercontent.com/place-photos/AJRVUZNP5WLEsChR8DpQUVvGBGyTXfMrTCyYEsb7SuaKAbV15iKWK0VFJob6D4Ox5h0WmKyn2xfmrBSwpCwhrSsr_oAXe41Ch91QZL7y9dcI-BzBbZTU7QqAlp7hTOOH1T9gbq4aqg-k7tE536Jo=s4800-w1200,"Tourist Attraction in Chamundibetta — rated 4.6★ across 12,820 Google reviews","Chamundi Hill Lookout View Point, Chamundibetta"
mysore-dasara-exhibition-ground,Mysore Dasara Exhibition Ground,Mysuru,Karnataka,"8M25+RWP, Ittige Gudu, Mysuru, Karnataka 570010, India",12.3020953,76.6598289,scenic|retro,low,family|couples|groups,warm,false,full-day,2,Jan|Feb|Mar|Apr|May|Jun|Jul|Aug|Sep|Oct|Nov|Dec,157,,Tourist Attraction in Mysuru — rated 4.4★ across 126 Google reviews,"Mysore Dasara Exhibition Ground, Mysuru"
mahishasura-statue,Mahishasura Statue,Chamundibetta,Karnataka,"7MGC+29P Mahishasura Circle, Chamundi Hill Rd, Vijay Nagar, Chamundibetta, Karnataka 570010, India",12.275099599999999,76.67095309999999,scenic|retro,medium,family|couples|groups,temperate,false,full-day,2,Jan|Feb|Mar|Apr|May|Jun|Jul|Aug|Sep|Oct|Nov|Dec,158,,"Tourist Attraction in Chamundibetta — rated 4.5★ across 3,716 Google reviews","Mahishasura Statue, Chamundibetta"
cheluvamba-park,Cheluvamba Park,Mysuru,Karnataka,"8JCP+JJG, KRS Rd, Medar Block, Yadavagiri, Mysuru, Karnataka 570020, India",12.3215512,76.6365782,scenic|quiet,high,family|couples|solo,warm,false,full-day,2,Jan|Feb|Mar|Apr|May|Jun|Jul|Aug|Sep|Oct|Nov|Dec,158,,"Park in Mysuru — rated 4.4★ across 5,134 Google reviews","Cheluvamba Park, Mysuru"
sri-bhoga-nandishwara-gudi,Sri Bhoga Nandishwara Gudi,Nandi,Karnataka,"SH 74, Nandi, Karnataka 562103, India",13.3867627,77.6980554,quiet|retro,high,family|couples|groups,cool,false,half-day,2,Jan|Feb|Mar|Apr|May|Jun|Jul|Aug|Sep|Oct|Nov|Dec,79,https://lh3.googleusercontent.com/places/ANXAkqEK-9Z36duHhz0CCFZXVXNw1ZG2bLzkcLxeDfJCQy-TLfp-BEH0MQS9CKXrTzfrXCNEepnN9kmLSUrLOyiq4Wx26yrOPSXj7cE=s4800-w1200|https://lh3.googleusercontent.com/place-photos/AJRVUZPWObwik4NL5Qr-7kTnaDaKjnTZLIV6TnxDgh1qsMsKYWJyWajNHFCxJUF2KlQAXMRKa3d1fiM6cHA732Pwl334G9PfHZUD1CfuWCFD1Xns2HT1DrctS1BedK5tmwg-rFp1-aZaufVgsr-jMFo=s4800-w1200|https://lh3.googleusercontent.com/place-photos/AJRVUZOnJa3GyPlgs7H2J9r5NbIAYRsVVVxlTCzpLYrZ6V9RZov02rdrw7fkn7bmkgJcQhaKL4HLGj5onqJs_T680OWonx6SxYMBgY38mSYyHqvoxEOHhx-Nfx3kYwtCipNxZFqEqZdEvO3bU6pT=s4800-w1200,"Hindu Temple in Nandi — rated 4.7★ across 22,995 Google reviews","Sri Bhoga Nandishwara Gudi, Nandi"
nandi-hills-karnataka,Nandi Hills Karnataka,Nandi Hills,Karnataka,"Nandi Hills, Karnataka 562103, India",13.3704173,77.6844361,scenic|retro,high,family|couples|groups,cool,false,full-day,2,Jan|Feb|Mar|Apr|May|Jun|Jul|Aug|Sep|Oct|Nov|Dec,75,https://lh3.googleusercontent.com/place-photos/AJRVUZPt2DaLQ8xVcJd10X8gG1D3HfQHejiQR7iMYrHknAmQyTdgc_aMbdxEZOJFo2Pp-1yFuUS8wTUx_UUx9Pchfpzm0CpXGBdcUyyti7Fu82QotLLdDTNRpW-ZZkt3r-7BGgsrmVYdBY3RUOKOrQ=s4800-w1200|https://lh3.googleusercontent.com/place-photos/AJRVUZODxIb4A7dMnbHVUAAbgkocrEF4mB7htRyet88YAv2jJUuhZbW-OUZZdDsxjmoJoDCr8JDYMhWzLPsIOaGYBeIzKouUuFGUGF5gRfX8gNqcuGadoNnj9MIn1EASZmJt7M6Og-hPLi4hMku7Ag=s4800-w1200|https://lh3.googleusercontent.com/place-photos/AJRVUZP2iMN3oN1Uo2wEo_XlADjplCaQYCPNqEyDIIt2Q3KxMyHdODhvdfAi32SaR7k5vKciIsHscXqhkxX5ZXa1Bb-Qv5OG418HyXkSZc16WmUlEx0SG0jcvcl9ZdGS7c3JeBDdGurEHjJ3bF8M_g=s4800-w1200,"Tourist Attraction in Nandi Hills — rated 4.5★ across 68,025 Google reviews","Nandi Hills Karnataka, Nandi Hills"
nandi-hills-sunrise-view-point,Nandi Hills Sunrise View point,Nandi Hills,Karnataka,"9M9M+FR5, Nandi Hills, Karnataka 562103, India",13.3686458,77.6846205,scenic|retro,medium,family|couples|groups,cool,false,full-day,2,Jan|Feb|Mar|Apr|May|Jun|Jul|Aug|Sep|Oct|Nov|Dec,75,,"Tourist Attraction in Nandi Hills — rated 4.6★ across 1,243 Google reviews","Nandi Hills Sunrise View point, Nandi Hills"
avathi-lake,Avathi Lake,Avati,Karnataka,"8P38+3G7, Avati, Karnataka 562164, India",13.302674,77.716296,scenic|retro,low,family|couples|groups,cool,false,full-day,2,Jan|Feb|Mar|Apr|May|Jun|Jul|Aug|Sep|Oct|Nov|Dec,65,,Tourist Attraction in Avati — rated 4.3★ across 810 Google reviews,"Avathi Lake, Avati"
shri-ranganatha-swamy-temple-rangasthala,Shri Ranganatha Swamy Temple (Rangasthala),Ankanagondi,Karnataka,"Ankanagondi, Karnataka 562101, India",13.456578299999999,77.70119489999999,quiet|retro,medium,family|couples|groups,cool,false,half-day,2,Jan|Feb|Mar|Apr|May|Jun|Jul|Aug|Sep|Oct|Nov|Dec,91,,"Hindu Temple in Ankanagondi — rated 4.7★ across 2,852 Google reviews","Shri Ranganatha Swamy Temple (Rangasthala), Ankanagondi"
skandagiri-trek,Skandagiri Trek,Jadalathimmanahalli,Karnataka,"CMGP+F2P, Jadalathimmanahalli, Karnataka 562101, India",13.426209,77.6850866,scenic|retro,medium,family|couples|groups,cool,false,full-day,2,Jan|Feb|Mar|Apr|May|Jun|Jul|Aug|Sep|Oct|Nov|Dec,85,,"Tourist Attraction in Jadalathimmanahalli — rated 4.5★ across 2,227 Google reviews","Skandagiri Trek, Jadalathimmanahalli"
jeeva-park,Jeeva Park,Mayasandra,Karnataka,"Nandi Hills, Sonnenahalli, Mayasandra, Karnataka 562164, India",13.3121311,77.66308269999999,lively,medium,family|couples|groups,cool,false,full-day,2,Jan|Feb|Mar|Apr|May|Jun|Jul|Aug|Sep|Oct|Nov|Dec,64,,"Zoo in Mayasandra — rated 4.8★ across 2,338 Google reviews","Jeeva Park, Mayasandra"
nandi-hill-viewpoint,Nandi Hill Viewpoint,Nandi Hills,Karnataka,"9MCP+JRW, Nandi Hills, Karnataka 562103, India",13.3716177,77.6870637,scenic|retro,medium,family|couples|groups,cool,false,full-day,2,Jan|Feb|Mar|Apr|May|Jun|Jul|Aug|Sep|Oct|Nov|Dec,75,,"Tourist Attraction in Nandi Hills — rated 4.6★ across 1,382 Google reviews","Nandi Hill Viewpoint, Nandi Hills"
nandi-water-falls,Nandi water falls,Nandi Hills,Karnataka,"9MFJ+RXW, Nandi Hills, Karnataka 562103, India",13.374617899999999,77.6824607,scenic|retro,low,family|couples|groups,cool,false,full-day,2,Jan|Feb|Mar|Apr|May|Jun|Jul|Aug|Sep|Oct|Nov|Dec,76,,Tourist Attraction in Nandi Hills — rated 4.4★ across 187 Google reviews,"Nandi water falls, Nandi Hills"
nandi-betta-sunset-viewpoint,Nandi Betta Sunset Viewpoint 🌄,Nandi Hills,Karnataka,"9M9J+V5V, Nandi Hills, Karnataka 562103, India",13.369739200000001,77.6804088,scenic|quiet,low,family|couples|solo,cool,false,full-day,2,Jan|Feb|Mar|Apr|May|Jun|Jul|Aug|Sep|Oct|Nov|Dec,75,,Park in Nandi Hills — rated 4.6★ across 467 Google reviews,"Nandi Betta Sunset Viewpoint 🌄, Nandi Hills"
shri-yoganandeeswara-swami-temple,Shri Yoganandeeswara Swami Temple,Nandi Hills,Karnataka,"9M9M+CGR, Nandi Hills, Karnataka 562103, India",13.3686099,77.683776,quiet|retro,low,family|couples|groups,cool,false,half-day,2,Jan|Feb|Mar|Apr|May|Jun|Jul|Aug|Sep|Oct|Nov|Dec,75,,Hindu Temple in Nandi Hills — rated 4.6★ across 879 Google reviews,"Shri Yoganandeeswara Swami Temple, Nandi Hills"
canterbury-castles,Canterbury Castles,Chowgondanahalli,Karnataka,"Near Nandhi Hills, Melekote Cross, Tubugere Hobli, Doddaballapura Taluk, Bangalore, Chowgondanahalli, Karnataka 561205, India",13.3494171,77.62723009999999,lively,low,couples|groups,cool,false,half-day,2,Jan|Feb|Mar|Apr|May|Jun|Jul|Aug|Sep|Oct|Nov|Dec,70,,Service in Chowgondanahalli — rated 4.5★ across 357 Google reviews,"Canterbury Castles, Chowgondanahalli"
nandi-hills-point,Nandi Hills Point,Nandi Hills,Karnataka,"9MCM+398, Nandi Hills, Karnataka 562103, India",13.370154,77.68345510000002,lively,low,couples|groups,cool,false,half-day,2,Jan|Feb|Mar|Apr|May|Jun|Jul|Aug|Sep|Oct|Nov|Dec,75,,Place in Nandi Hills — rated 4.6★ across 383 Google reviews,"Nandi Hills Point, Nandi Hills"
horagina-betta,Horagina Betta,Nandi Hills,Karnataka,"9M4C+GH2, Trail to Nandi One, Chikkasagarahalli, Nandi Hills, Karnataka 562103, India",13.3562721,77.6714046,scenic|quiet,low,adventure|groups,cool,false,full-day,2,Jan|Feb|Mar|Apr|May|Jun|Jul|Aug|Sep|Oct|Nov|Dec,72,,Hiking Area in Nandi Hills — rated 4.5★ across 224 Google reviews,"Horagina Betta, Nandi Hills"
view-point,View point,Nandi Hills,Karnataka,"9MCH+9VP, Nandi Hills, Karnataka 562103, India",13.3709625,77.6797031,scenic|retro,low,family|couples|groups,cool,false,full-day,2,Jan|Feb|Mar|Apr|May|Jun|Jul|Aug|Sep|Oct|Nov|Dec,75,,Tourist Attraction in Nandi Hills — rated 4.5★ across 40 Google reviews,"View point, Nandi Hills"
koralahalli-water-falls,Koralahalli water falls,Korlahalli,Karnataka,"9JR9+529, Doddarayappanahalli, Korlahalli, Karnataka 561205, India",13.390422,77.6176066,scenic|retro,low,family|couples|groups,cool,false,full-day,2,Jan|Feb|Mar|Apr|May|Jun|Jul|Aug|Sep|Oct|Nov|Dec,77,,Tourist Attraction in Korlahalli — rated 3.6★ across 42 Google reviews,"Koralahalli water falls, Korlahalli"
grandpaw-pet-resort,GrandPaw Pet Resort,Maligenahalli,Karnataka,"Nandhi Hills Rd, Maligenahalli, Karnataka 562110, India",13.2836807,77.70822489999999,scenic|quiet,medium,couples|family|groups,cool,true,half-day,3,Jan|Feb|Mar|Apr|May|Jun|Jul|Aug|Sep|Oct|Nov|Dec,61,,"Resort Hotel in Maligenahalli — rated 4.2★ across 1,129 Google reviews","GrandPaw Pet Resort, Maligenahalli"
tipu-summer-house,Tipu Summer House,Nandi Hills,Karnataka,"9MCJ+Q64, Nandi Hills, Karnataka 562103, India",13.371891,77.68058309999999,scenic|retro,low,family|couples|groups,cool,false,full-day,2,Jan|Feb|Mar|Apr|May|Jun|Jul|Aug|Sep|Oct|Nov|Dec,75,,Tourist Attraction in Nandi Hills — rated 4.0★ across 213 Google reviews,"Tipu Summer House, Nandi Hills"
nandi-statue,Nandi Statue,Kanivepura,Karnataka,"Prince chai clab, Nandi Hills Main Rd, Nandi Hills, Kanivepura, Karnataka 561205, India",13.3540192,77.65233289999999,scenic|retro,low,family|couples|groups,cool,false,full-day,2,Jan|Feb|Mar|Apr|May|Jun|Jul|Aug|Sep|Oct|Nov|Dec,71,,Tourist Attraction in Kanivepura — rated 4.5★ across 285 Google reviews,"Nandi Statue, Kanivepura"
nandi-one-trek-start-point-long-route,Nandi One Trek Start Point (Long Route),Kuduvathi,Karnataka,"9M4M+MMX, Trail to Nandi One, Karahalli Cross, Kuduvathi, Karnataka 562103, India",13.356743699999999,77.6842293,scenic|quiet,low,adventure|groups,cool,false,full-day,2,Jan|Feb|Mar|Apr|May|Jun|Jul|Aug|Sep|Oct|Nov|Dec,73,,Hiking Area in Kuduvathi — rated 4.6★ across 94 Google reviews,"Nandi One Trek Start Point (Long Route), Kuduvathi"
regenta-resort-sakleshpur,Regenta Resort Sakleshpur,Hanbal,Karnataka,"164, SITVATEA, Hadige, Hanbal, Karnataka 573165, India",13.0084424,75.7153307,scenic|quiet,medium,couples|family|groups,cool,true,weekend,3,Jan|Feb|Mar|Apr|May|Jun|Jul|Aug|Sep|Oct|Nov|Dec,254,,"Hotel in Hanbal — rated 4.4★ across 1,271 Google reviews","Regenta Resort Sakleshpur, Hanbal"
devandhari-the-divine-valley,"Devandhari ""The Divine Valley""",Kalaginamanchahalli,Karnataka,"VQ72+WC, Kalaginamanchahalli, Karnataka 573134, India",12.8651358,75.7509448,scenic|quiet,low,couples|family|groups,cool,true,weekend,3,Jan|Feb|Mar|Apr|May|Jun|Jul|Aug|Sep|Oct|Nov|Dec,250,,Resort Hotel in Kalaginamanchahalli — rated 4.8★ across 986 Google reviews,"Devandhari ""The Divine Valley"", Kalaginamanchahalli"
tapovana-the-fern-sakleshpur-series-by-marriott,"Tapovana The Fern Sakleshpur, Series by Marriott",Agani,Karnataka,"Survey No 66 Near Chimmecool Estate, Chimmecool Road, Agni Village Hanbal, Hobli, Sakleshpura, Agani, Karnataka 573165, India",12.9753229,75.68904739999999,scenic|quiet,medium,couples|family|groups,cool,true,weekend,3,Jan|Feb|Mar|Apr|May|Jun|Jul|Aug|Sep|Oct|Nov|Dec,258,,"Hotel in Agani — rated 4.4★ across 1,139 Google reviews","Tapovana The Fern Sakleshpur, Series by Marriott, Agani"
falling-water-resorts-by-travent-mug-best-resorts-in-saklesh,Falling Water Resorts by Travent Mug - Best Resorts in Sakleshpur,Kesaganahalli,Karnataka,"National Highway 75, Mangalore - Bangalore Hwy, Sakleshpura, Kesaganahalli, Karnataka 573134, India",12.9111874,75.73896549999999,scenic|quiet,medium,couples|family|groups,cool,true,weekend,3,Jan|Feb|Mar|Apr|May|Jun|Jul|Aug|Sep|Oct|Nov|Dec,251,,"Resort Hotel in Kesaganahalli — rated 4.3★ across 1,174 Google reviews","Falling Water Resorts by Travent Mug - Best Resorts in Sakleshpur, Kesaganahalli"
advaya-luxury-resort-sakleshpur,Advaya Luxury Resort Sakleshpur,Sakleshpura,Karnataka,"Main Road, Ballupet, Sakleshpura, Karnataka 573214, India",12.9585292,75.8967365,scenic|quiet,medium,couples|family|groups,cool,true,weekend,3,Jan|Feb|Mar|Apr|May|Jun|Jul|Aug|Sep|Oct|Nov|Dec,229,,"Resort Hotel in Sakleshpura — rated 4.5★ across 1,377 Google reviews","Advaya Luxury Resort Sakleshpur, Sakleshpura"
deva-dhare,Deva Dhare,Agani,Karnataka,"Agani, Village, Sakleshpura, Agani, Karnataka 573165, India",12.966346,75.67512190000001,scenic|quiet,low,couples|family|groups,cool,true,weekend,3,Jan|Feb|Mar|Apr|May|Jun|Jul|Aug|Sep|Oct|Nov|Dec,259,,Resort Hotel in Agani — rated 4.7★ across 859 Google reviews,"Deva Dhare, Agani"
neervana-resort-sakalespura,"Neervana Resort, Sakalespura",Hallibylu,Karnataka,"Neervana Resort, 54/21, Anemahal, Hallibylu, Karnataka 573134, India",12.9258425,75.7685501,scenic|quiet,low,couples|family|groups,cool,true,weekend,3,Jan|Feb|Mar|Apr|May|Jun|Jul|Aug|Sep|Oct|Nov|Dec,247,,Resort Hotel in Hallibylu — rated 4.6★ across 881 Google reviews,"Neervana Resort, Sakalespura, Hallibylu"
rottikallu-resort-pvt-ltd,Rottikallu Resort Pvt Ltd,Achanahalli,Karnataka,"Rottikallu Road, Hanbal Hobli, Bilisare village, Sakleshpur, Taluk, Achanahalli, Karnataka 573165, India",12.970163,75.6592706,scenic|quiet,medium,couples|family|groups,cool,true,weekend,3,Jan|Feb|Mar|Apr|May|Jun|Jul|Aug|Sep|Oct|Nov|Dec,262,,"Resort Hotel in Achanahalli — rated 4.3★ across 1,540 Google reviews","Rottikallu Resort Pvt Ltd, Achanahalli"
grk-nature-resorts,GRK Nature resorts,Achanahalli,Karnataka,"Bilisare Village, Hanbal Hobli, Sakleshpur Taluk, Saalugudda Rd, Achanahalli, Karnataka 573165, India",12.9690931,75.6572748,scenic|quiet,medium,couples|family|groups,cool,true,weekend,3,Jan|Feb|Mar|Apr|May|Jun|Jul|Aug|Sep|Oct|Nov|Dec,262,,"Resort Hotel in Achanahalli — rated 4.6★ across 3,033 Google reviews","GRK Nature resorts, Achanahalli"
hong-sau-sakleshpur,Hong Sau Sakleshpur,Haragarahalli,Karnataka,"Sakleshpur, Haragarahalli, Karnataka 573134, India",12.8584686,75.7534001,scenic|quiet,low,couples|family|groups,cool,true,weekend,3,Jan|Feb|Mar|Apr|May|Jun|Jul|Aug|Sep|Oct|Nov|Dec,249,,Resort Hotel in Haragarahalli — rated 4.3★ across 648 Google reviews,"Hong Sau Sakleshpur, Haragarahalli"
jappadhkallu-resort,Jappadhkallu Resort,Cheekkudige,Karnataka,"Jappadhkallu Resort, Chakkudige Village, Hurudi, Post, T P, Sakleshpur, Cheekkudige, Karnataka 577132, India",13.04345,75.7145618,scenic|quiet,medium,couples|family|groups,cool,true,weekend,3,Jan|Feb|Mar|Apr|May|Jun|Jul|Aug|Sep|Oct|Nov|Dec,254,,"Resort Hotel in Cheekkudige — rated 4.0★ across 1,326 Google reviews","Jappadhkallu Resort, Cheekkudige"
aroha-s-eco-hill-resort,Aroha's Eco Hill Resort,Hanbal,Karnataka,"Bilisare, Achanahalli, Hanbal, Karnataka 573165, India",12.9763916,75.6594339,scenic|quiet,medium,couples|family|groups,cool,true,weekend,3,Jan|Feb|Mar|Apr|May|Jun|Jul|Aug|Sep|Oct|Nov|Dec,262,,"Resort Hotel in Hanbal — rated 4.6★ across 2,840 Google reviews","Aroha's Eco Hill Resort, Hanbal"
green-grass-resort,Green Grass Resort,Kurubathur,Karnataka,"VQ7P+7J4, Village, Karnhalli Village, Sakleshpura, Kurubathur, Karnataka 573134, India",12.863127700000001,75.78656889999999,scenic|quiet,low,couples|family|groups,cool,true,weekend,3,Jan|Feb|Mar|Apr|May|Jun|Jul|Aug|Sep|Oct|Nov|Dec,245,,Resort Hotel in Kurubathur — rated 4.1★ across 715 Google reviews,"Green Grass Resort, Kurubathur"
coffeebean-villa-sakleshpur,CoffeeBean Villa Sakleshpur,Heddaravalli,Karnataka,"Bangalore - Mangalore Highway 5,CoffeeBean Villa,Ankihally Post,Heddaravalli,Via Biccod, Heddaravalli, Karnataka 573215, India",13.018712899999999,75.8790872,scenic|quiet,medium,couples|family|groups,cool,true,weekend,3,Jan|Feb|Mar|Apr|May|Jun|Jul|Aug|Sep|Oct|Nov|Dec,232,,"Hotel in Heddaravalli — rated 4.2★ across 2,937 Google reviews","CoffeeBean Villa Sakleshpur, Heddaravalli"
tamohara-resorts,Tamohara Resorts,Dabbegadde,Karnataka,"Debbegadde Village, Kyamanahally Post Hanbal Hobali, Sakaleshpur Taluk, Post, Mavinahalli, Dabbegadde, Karnataka 573165, India",12.9719754,75.74499639999999,scenic|quiet,low,couples|family|groups,cool,true,weekend,3,Jan|Feb|Mar|Apr|May|Jun|Jul|Aug|Sep|Oct|Nov|Dec,250,,Resort Hotel in Dabbegadde — rated 4.5★ across 797 Google reviews,"Tamohara Resorts, Dabbegadde"
pearl-valley-retreat,PEARL VALLEY RETREAT,Kyanahalli,Karnataka,"Sakleshapur, Bugadahalli, Kyanahalli, Karnataka 573134, India",12.8713424,75.7499375,scenic|quiet,low,couples|family|groups,cool,true,weekend,3,Jan|Feb|Mar|Apr|May|Jun|Jul|Aug|Sep|Oct|Nov|Dec,250,,Resort Hotel in Kyanahalli — rated 4.8★ across 885 Google reviews,"PEARL VALLEY RETREAT, Kyanahalli"
wildwagtail-adventure-resorts-sakleshpur,wildwagtail adventure Resorts- Sakleshpur,Agani,Karnataka,"Agani, village, Hanbal, Agani, Karnataka 573165, India",12.9674432,75.6745969,scenic|quiet,low,couples|family|groups,cool,true,weekend,3,Jan|Feb|Mar|Apr|May|Jun|Jul|Aug|Sep|Oct|Nov|Dec,260,,Resort Hotel in Agani — rated 4.1★ across 888 Google reviews,"wildwagtail adventure Resorts- Sakleshpur, Agani"
wildnwoods-nature-camp-resort,WildnWoods Nature Camp Resort,Achanahalli,Karnataka,"Street 1, Achanahalli Village Rd, Sakleshpur, Devaladakere, Achanahalli, Karnataka 573165, India",12.981722999999999,75.66192,scenic|quiet,low,couples|family|groups,cool,true,weekend,3,Jan|Feb|Mar|Apr|May|Jun|Jul|Aug|Sep|Oct|Nov|Dec,261,,Resort Hotel in Achanahalli — rated 4.3★ across 843 Google reviews,"WildnWoods Nature Camp Resort, Achanahalli"
srinivasa-residency,Srinivasa Residency,Sakleshpura,Karnataka,"BM Rd, Sakleshpura, Karnataka 573134, India",12.945395999999999,75.79495750000001,scenic|quiet,low,couples|family|groups,cool,true,weekend,3,Jan|Feb|Mar|Apr|May|Jun|Jul|Aug|Sep|Oct|Nov|Dec,243,,Hotel in Sakleshpura — rated 3.4★ across 418 Google reviews,"Srinivasa Residency, Sakleshpura"
sannidhi-eco-farms-by-swasya-managed-farmland-near-bangalore,Sannidhi Eco Farms By Swasya- Managed Farmland near Bangalore,Kelavalli,Karnataka,"Kelavalli Village, Belagodu Hobli, Taluk, Sakleshpur, Kelavalli, Karnataka 573214, India",12.8767065,75.837685,scenic|quiet,low,couples|groups,cool,true,weekend,2,Jan|Feb|Mar|Apr|May|Jun|Jul|Aug|Sep|Oct|Nov|Dec,238,,Farm in Kelavalli — rated 4.8★ across 83 Google reviews,"Sannidhi Eco Farms By Swasya- Managed Farmland near Bangalore, Kelavalli"
